QuestionID,student_id,score
1,STUDENT1,2
2,STUDENT1,2
3,STUDENT1,3
4,STUDENT1,3
5,STUDENT1,1
6,STUDENT1,2
7,STUDENT1,2
8,STUDENT1,1
9,STUDENT1,1
10,STUDENT1,1
11,STUDENT1,1
12,STUDENT1,2
13,STUDENT1,3
14,STUDENT1,1
15,STUDENT1,2
16,STUDENT1,5
17,STUDENT1,3
18,STUDENT1,2
19,STUDENT1,2
20,STUDENT1,1
21,STUDENT1,1
22,STUDENT1,1
23,STUDENT1,1
24,STUDENT1,1
25,STUDENT1,3
26,STUDENT1,2
27,STUDENT1,1
28,STUDENT1,2
29,STUDENT1,1
30,STUDENT1,1
COURSE ID,STUDENT1,1
GRADE,STUDENT1,1
1,STUDENT2,2
2,STUDENT2,2
3,STUDENT2,3
4,STUDENT2,3
5,STUDENT2,1
6,STUDENT2,2
7,STUDENT2,2
8,STUDENT2,1
9,STUDENT2,1
10,STUDENT2,1
11,STUDENT2,2
12,STUDENT2,3
13,STUDENT2,2
14,STUDENT2,1
15,STUDENT2,2
16,STUDENT2,1
17,STUDENT2,2
18,STUDENT2,2
19,STUDENT2,2
20,STUDENT2,1
21,STUDENT2,1
22,STUDENT2,1
23,STUDENT2,1
24,STUDENT2,1
25,STUDENT2,3
26,STUDENT2,2
27,STUDENT2,3
28,STUDENT2,2
29,STUDENT2,2
30,STUDENT2,3
COURSE ID,STUDENT2,1
GRADE,STUDENT2,1
1,STUDENT3,2
2,STUDENT3,2
3,STUDENT3,2
4,STUDENT3,3
5,STUDENT3,2
6,STUDENT3,2
7,STUDENT3,2
8,STUDENT3,2
9,STUDENT3,4
10,STUDENT3,2
11,STUDENT3,2
12,STUDENT3,2
13,STUDENT3,2
14,STUDENT3,1
15,STUDENT3,2
16,STUDENT3,1
17,STUDENT3,2
18,STUDENT3,1
19,STUDENT3,2
20,STUDENT3,1
21,STUDENT3,1
22,STUDENT3,1
23,STUDENT3,1
24,STUDENT3,1
25,STUDENT3,2
26,STUDENT3,2
27,STUDENT3,1
28,STUDENT3,1
29,STUDENT3,2
30,STUDENT3,2
COURSE ID,STUDENT3,1
GRADE,STUDENT3,1
1,STUDENT4,1
2,STUDENT4,1
3,STUDENT4,1
4,STUDENT4,3
5,STUDENT4,1
6,STUDENT4,2
7,STUDENT4,1
8,STUDENT4,2
9,STUDENT4,1
10,STUDENT4,2
11,STUDENT4,1
12,STUDENT4,2
13,STUDENT4,5
14,STUDENT4,1
15,STUDENT4,2
16,STUDENT4,1
17,STUDENT4,3
18,STUDENT4,1
19,STUDENT4,2
20,STUDENT4,1
21,STUDENT4,1
22,STUDENT4,1
23,STUDENT4,1
24,STUDENT4,2
25,STUDENT4,3
26,STUDENT4,2
27,STUDENT4,2
28,STUDENT4,1
29,STUDENT4,3
30,STUDENT4,2
COURSE ID,STUDENT4,1
GRADE,STUDENT4,1
1,STUDENT5,2
2,STUDENT5,2
3,STUDENT5,1
4,STUDENT5,3
5,STUDENT5,2
6,STUDENT5,2
7,STUDENT5,1
8,STUDENT5,3
9,STUDENT5,1
10,STUDENT5,4
11,STUDENT5,3
12,STUDENT5,3
13,STUDENT5,2
14,STUDENT5,1
15,STUDENT5,2
16,STUDENT5,4
17,STUDENT5,2
18,STUDENT5,1
19,STUDENT5,1
20,STUDENT5,1
21,STUDENT5,1
22,STUDENT5,1
23,STUDENT5,2
24,STUDENT5,1
25,STUDENT5,2
26,STUDENT5,2
27,STUDENT5,2
28,STUDENT5,1
29,STUDENT5,2
30,STUDENT5,2
COURSE ID,STUDENT5,1
GRADE,STUDENT5,1
1,STUDENT6,2
2,STUDENT6,2
3,STUDENT6,2
4,STUDENT6,3
5,STUDENT6,2
6,STUDENT6,2
7,STUDENT6,2
8,STUDENT6,2
9,STUDENT6,1
10,STUDENT6,1
11,STUDENT6,3
12,STUDENT6,3
13,STUDENT6,2
14,STUDENT6,1
15,STUDENT6,2
16,STUDENT6,3
17,STUDENT6,1
18,STUDENT6,1
19,STUDENT6,2
20,STUDENT6,1
21,STUDENT6,1
22,STUDENT6,1
23,STUDENT6,1
24,STUDENT6,1
25,STUDENT6,1
26,STUDENT6,2
27,STUDENT6,1
28,STUDENT6,2
29,STUDENT6,4
30,STUDENT6,4
COURSE ID,STUDENT6,1
GRADE,STUDENT6,2
1,STUDENT7,1
2,STUDENT7,2
3,STUDENT7,2
4,STUDENT7,4
5,STUDENT7,2
6,STUDENT7,2
7,STUDENT7,2
8,STUDENT7,1
9,STUDENT7,1
10,STUDENT7,3
11,STUDENT7,1
12,STUDENT7,3
13,STUDENT7,1
14,STUDENT7,1
15,STUDENT7,2
16,STUDENT7,4
17,STUDENT7,2
18,STUDENT7,2
19,STUDENT7,2
20,STUDENT7,2
21,STUDENT7,1
22,STUDENT7,2
23,STUDENT7,1
24,STUDENT7,1
25,STUDENT7,3
26,STUDENT7,3
27,STUDENT7,3
28,STUDENT7,3
29,STUDENT7,4
30,STUDENT7,4
COURSE ID,STUDENT7,1
GRADE,STUDENT7,5
1,STUDENT8,1
2,STUDENT8,1
3,STUDENT8,2
4,STUDENT8,3
5,STUDENT8,1
6,STUDENT8,1
7,STUDENT8,1
8,STUDENT8,2
9,STUDENT8,2
10,STUDENT8,3
11,STUDENT8,4
12,STUDENT8,3
13,STUDENT8,1
14,STUDENT8,1
15,STUDENT8,4
16,STUDENT8,3
17,STUDENT8,1
18,STUDENT8,2
19,STUDENT8,2
20,STUDENT8,1
21,STUDENT8,1
22,STUDENT8,1
23,STUDENT8,3
24,STUDENT8,1
25,STUDENT8,3
26,STUDENT8,2
27,STUDENT8,2
28,STUDENT8,1
29,STUDENT8,1
30,STUDENT8,1
COURSE ID,STUDENT8,1
GRADE,STUDENT8,2
1,STUDENT9,2
2,STUDENT9,1
3,STUDENT9,3
4,STUDENT9,3
5,STUDENT9,2
6,STUDENT9,1
7,STUDENT9,1
8,STUDENT9,1
9,STUDENT9,1
10,STUDENT9,3
11,STUDENT9,2
12,STUDENT9,4
13,STUDENT9,2
14,STUDENT9,1
15,STUDENT9,2
16,STUDENT9,4
17,STUDENT9,1
18,STUDENT9,2
19,STUDENT9,2
20,STUDENT9,1
21,STUDENT9,1
22,STUDENT9,1
23,STUDENT9,1
24,STUDENT9,1
25,STUDENT9,3
26,STUDENT9,2
27,STUDENT9,2
28,STUDENT9,2
29,STUDENT9,4
30,STUDENT9,3
COURSE ID,STUDENT9,1
GRADE,STUDENT9,5
1,STUDENT10,2
2,STUDENT10,1
3,STUDENT10,2
4,STUDENT10,3
5,STUDENT10,2
6,STUDENT10,2
7,STUDENT10,1
8,STUDENT10,3
9,STUDENT10,4
10,STUDENT10,2
11,STUDENT10,1
12,STUDENT10,2
13,STUDENT10,3
14,STUDENT10,1
15,STUDENT10,2
16,STUDENT10,3
17,STUDENT10,2
18,STUDENT10,2
19,STUDENT10,2
20,STUDENT10,1
21,STUDENT10,1
22,STUDENT10,2
23,STUDENT10,1
24,STUDENT10,1
25,STUDENT10,2
26,STUDENT10,2
27,STUDENT10,2
28,STUDENT10,2
29,STUDENT10,1
30,STUDENT10,2
COURSE ID,STUDENT10,1
GRADE,STUDENT10,0
1,STUDENT11,1
2,STUDENT11,1
3,STUDENT11,1
4,STUDENT11,3
5,STUDENT11,2
6,STUDENT11,2
7,STUDENT11,2
8,STUDENT11,3
9,STUDENT11,2
10,STUDENT11,3
11,STUDENT11,3
12,STUDENT11,4
13,STUDENT11,2
14,STUDENT11,1
15,STUDENT11,3
16,STUDENT11,2
17,STUDENT11,1
18,STUDENT11,1
19,STUDENT11,1
20,STUDENT11,1
21,STUDENT11,1
22,STUDENT11,2
23,STUDENT11,1
24,STUDENT11,1
25,STUDENT11,2
26,STUDENT11,2
27,STUDENT11,2
28,STUDENT11,2
29,STUDENT11,1
30,STUDENT11,1
COURSE ID,STUDENT11,1
GRADE,STUDENT11,2
1,STUDENT12,1
2,STUDENT12,1
3,STUDENT12,1
4,STUDENT12,4
5,STUDENT12,1
6,STUDENT12,1
7,STUDENT12,2
8,STUDENT12,4
9,STUDENT12,2
10,STUDENT12,3
11,STUDENT12,5
12,STUDENT12,5
13,STUDENT12,1
14,STUDENT12,1
15,STUDENT12,3
16,STUDENT12,2
17,STUDENT12,3
18,STUDENT12,3
19,STUDENT12,3
20,STUDENT12,1
21,STUDENT12,3
22,STUDENT12,1
23,STUDENT12,3
24,STUDENT12,2
25,STUDENT12,3
26,STUDENT12,1
27,STUDENT12,3
28,STUDENT12,3
29,STUDENT12,4
30,STUDENT12,3
COURSE ID,STUDENT12,1
GRADE,STUDENT12,0
1,STUDENT13,1
2,STUDENT13,1
3,STUDENT13,1
4,STUDENT13,4
5,STUDENT13,2
6,STUDENT13,2
7,STUDENT13,2
8,STUDENT13,1
9,STUDENT13,1
10,STUDENT13,1
11,STUDENT13,3
12,STUDENT13,5
13,STUDENT13,4
14,STUDENT13,2
15,STUDENT13,2
16,STUDENT13,2
17,STUDENT13,3
18,STUDENT13,2
19,STUDENT13,2
20,STUDENT13,1
21,STUDENT13,1
22,STUDENT13,1
23,STUDENT13,1
24,STUDENT13,1
25,STUDENT13,2
26,STUDENT13,2
27,STUDENT13,2
28,STUDENT13,3
29,STUDENT13,4
30,STUDENT13,2
COURSE ID,STUDENT13,1
GRADE,STUDENT13,0
1,STUDENT14,2
2,STUDENT14,1
3,STUDENT14,2
4,STUDENT14,5
5,STUDENT14,2
6,STUDENT14,2
7,STUDENT14,2
8,STUDENT14,1
9,STUDENT14,1
10,STUDENT14,1
11,STUDENT14,2
12,STUDENT14,2
13,STUDENT14,2
14,STUDENT14,1
15,STUDENT14,2
16,STUDENT14,3
17,STUDENT14,1
18,STUDENT14,2
19,STUDENT14,1
20,STUDENT14,1
21,STUDENT14,1
22,STUDENT14,2
23,STUDENT14,1
24,STUDENT14,1
25,STUDENT14,3
26,STUDENT14,2
27,STUDENT14,3
28,STUDENT14,3
29,STUDENT14,4
30,STUDENT14,2
COURSE ID,STUDENT14,1
GRADE,STUDENT14,1
1,STUDENT15,3
2,STUDENT15,2
3,STUDENT15,2
4,STUDENT15,4
5,STUDENT15,1
6,STUDENT15,1
7,STUDENT15,2
8,STUDENT15,3
9,STUDENT15,4
10,STUDENT15,2
11,STUDENT15,3
12,STUDENT15,1
13,STUDENT15,2
14,STUDENT15,1
15,STUDENT15,4
16,STUDENT15,1
17,STUDENT15,2
18,STUDENT15,2
19,STUDENT15,2
20,STUDENT15,1
21,STUDENT15,1
22,STUDENT15,1
23,STUDENT15,1
24,STUDENT15,1
25,STUDENT15,2
26,STUDENT15,3
27,STUDENT15,2
28,STUDENT15,1
29,STUDENT15,4
30,STUDENT15,4
COURSE ID,STUDENT15,1
GRADE,STUDENT15,2
1,STUDENT16,2
2,STUDENT16,2
3,STUDENT16,2
4,STUDENT16,3
5,STUDENT16,2
6,STUDENT16,2
7,STUDENT16,2
8,STUDENT16,1
9,STUDENT16,1
10,STUDENT16,2
11,STUDENT16,4
12,STUDENT16,4
13,STUDENT16,2
14,STUDENT16,1
15,STUDENT16,3
16,STUDENT16,1
17,STUDENT16,2
18,STUDENT16,2
19,STUDENT16,2
20,STUDENT16,2
21,STUDENT16,3
22,STUDENT16,2
23,STUDENT16,1
24,STUDENT16,1
25,STUDENT16,3
26,STUDENT16,2
27,STUDENT16,2
28,STUDENT16,3
29,STUDENT16,2
30,STUDENT16,2
COURSE ID,STUDENT16,1
GRADE,STUDENT16,2
1,STUDENT17,1
2,STUDENT17,1
3,STUDENT17,2
4,STUDENT17,5
5,STUDENT17,2
6,STUDENT17,1
7,STUDENT17,2
8,STUDENT17,1
9,STUDENT17,1
10,STUDENT17,1
11,STUDENT17,2
12,STUDENT17,2
13,STUDENT17,4
14,STUDENT17,1
15,STUDENT17,2
16,STUDENT17,3
17,STUDENT17,2
18,STUDENT17,2
19,STUDENT17,2
20,STUDENT17,1
21,STUDENT17,1
22,STUDENT17,2
23,STUDENT17,1
24,STUDENT17,1
25,STUDENT17,3
26,STUDENT17,2
27,STUDENT17,3
28,STUDENT17,3
29,STUDENT17,4
30,STUDENT17,3
COURSE ID,STUDENT17,1
GRADE,STUDENT17,1
1,STUDENT18,2
2,STUDENT18,2
3,STUDENT18,2
4,STUDENT18,3
5,STUDENT18,2
6,STUDENT18,2
7,STUDENT18,2
8,STUDENT18,1
9,STUDENT18,1
10,STUDENT18,1
11,STUDENT18,2
12,STUDENT18,2
13,STUDENT18,2
14,STUDENT18,1
15,STUDENT18,2
16,STUDENT18,1
17,STUDENT18,2
18,STUDENT18,2
19,STUDENT18,2
20,STUDENT18,2
21,STUDENT18,1
22,STUDENT18,2
23,STUDENT18,1
24,STUDENT18,1
25,STUDENT18,2
26,STUDENT18,2
27,STUDENT18,2
28,STUDENT18,2
29,STUDENT18,2
30,STUDENT18,2
COURSE ID,STUDENT18,1
GRADE,STUDENT18,2
1,STUDENT19,1
2,STUDENT19,1
3,STUDENT19,2
4,STUDENT19,4
5,STUDENT19,2
6,STUDENT19,2
7,STUDENT19,2
8,STUDENT19,3
9,STUDENT19,1
10,STUDENT19,1
11,STUDENT19,2
12,STUDENT19,2
13,STUDENT19,5
14,STUDENT19,1
15,STUDENT19,2
16,STUDENT19,5
17,STUDENT19,5
18,STUDENT19,3
19,STUDENT19,2
20,STUDENT19,2
21,STUDENT19,1
22,STUDENT19,2
23,STUDENT19,1
24,STUDENT19,1
25,STUDENT19,3
26,STUDENT19,1
27,STUDENT19,3
28,STUDENT19,3
29,STUDENT19,3
30,STUDENT19,3
COURSE ID,STUDENT19,1
GRADE,STUDENT19,2
1,STUDENT20,1
2,STUDENT20,2
3,STUDENT20,1
4,STUDENT20,3
5,STUDENT20,2
6,STUDENT20,2
7,STUDENT20,1
8,STUDENT20,2
9,STUDENT20,2
10,STUDENT20,2
11,STUDENT20,3
12,STUDENT20,3
13,STUDENT20,3
14,STUDENT20,1
15,STUDENT20,2
16,STUDENT20,4
17,STUDENT20,4
18,STUDENT20,2
19,STUDENT20,2
20,STUDENT20,1
21,STUDENT20,2
22,STUDENT20,1
23,STUDENT20,1
24,STUDENT20,1
25,STUDENT20,3
26,STUDENT20,2
27,STUDENT20,2
28,STUDENT20,3
29,STUDENT20,2
30,STUDENT20,3
COURSE ID,STUDENT20,1
GRADE,STUDENT20,3
1,STUDENT21,1
2,STUDENT21,2
3,STUDENT21,2
4,STUDENT21,5
5,STUDENT21,1
6,STUDENT21,2
7,STUDENT21,1
8,STUDENT21,1
9,STUDENT21,4
10,STUDENT21,2
11,STUDENT21,3
12,STUDENT21,3
13,STUDENT21,3
14,STUDENT21,2
15,STUDENT21,2
16,STUDENT21,3
17,STUDENT21,4
18,STUDENT21,2
19,STUDENT21,2
20,STUDENT21,2
21,STUDENT21,1
22,STUDENT21,1
23,STUDENT21,1
24,STUDENT21,2
25,STUDENT21,3
26,STUDENT21,1
27,STUDENT21,2
28,STUDENT21,3
29,STUDENT21,4
30,STUDENT21,4
COURSE ID,STUDENT21,1
GRADE,STUDENT21,1
1,STUDENT22,1
2,STUDENT22,2
3,STUDENT22,2
4,STUDENT22,5
5,STUDENT22,2
6,STUDENT22,2
7,STUDENT22,1
8,STUDENT22,1
9,STUDENT22,4
10,STUDENT22,2
11,STUDENT22,2
12,STUDENT22,2
13,STUDENT22,4
14,STUDENT22,1
15,STUDENT22,2
16,STUDENT22,3
17,STUDENT22,3
18,STUDENT22,2
19,STUDENT22,2
20,STUDENT22,1
21,STUDENT22,1
22,STUDENT22,1
23,STUDENT22,1
24,STUDENT22,1
25,STUDENT22,3
26,STUDENT22,1
27,STUDENT22,3
28,STUDENT22,3
29,STUDENT22,3
30,STUDENT22,3
COURSE ID,STUDENT22,1
GRADE,STUDENT22,1
1,STUDENT23,2
2,STUDENT23,2
3,STUDENT23,2
4,STUDENT23,3
5,STUDENT23,1
6,STUDENT23,2
7,STUDENT23,1
8,STUDENT23,1
9,STUDENT23,1
10,STUDENT23,1
11,STUDENT23,1
12,STUDENT23,1
13,STUDENT23,4
14,STUDENT23,2
15,STUDENT23,2
16,STUDENT23,4
17,STUDENT23,3
18,STUDENT23,3
19,STUDENT23,3
20,STUDENT23,1
21,STUDENT23,1
22,STUDENT23,1
23,STUDENT23,1
24,STUDENT23,2
25,STUDENT23,3
26,STUDENT23,1
27,STUDENT23,2
28,STUDENT23,3
29,STUDENT23,3
30,STUDENT23,3
COURSE ID,STUDENT23,1
GRADE,STUDENT23,3
1,STUDENT24,3
2,STUDENT24,2
3,STUDENT24,2
4,STUDENT24,2
5,STUDENT24,1
6,STUDENT24,1
7,STUDENT24,2
8,STUDENT24,5
9,STUDENT24,1
10,STUDENT24,1
11,STUDENT24,1
12,STUDENT24,4
13,STUDENT24,3
14,STUDENT24,1
15,STUDENT24,2
16,STUDENT24,1
17,STUDENT24,3
18,STUDENT24,2
19,STUDENT24,3
20,STUDENT24,1
21,STUDENT24,1
22,STUDENT24,2
23,STUDENT24,1
24,STUDENT24,1
25,STUDENT24,3
26,STUDENT24,2
27,STUDENT24,3
28,STUDENT24,3
29,STUDENT24,3
30,STUDENT24,3
COURSE ID,STUDENT24,1
GRADE,STUDENT24,1
1,STUDENT25,2
2,STUDENT25,2
3,STUDENT25,2
4,STUDENT25,3
5,STUDENT25,2
6,STUDENT25,2
7,STUDENT25,2
8,STUDENT25,2
9,STUDENT25,1
10,STUDENT25,1
11,STUDENT25,3
12,STUDENT25,1
13,STUDENT25,3
14,STUDENT25,1
15,STUDENT25,2
16,STUDENT25,4
17,STUDENT25,1
18,STUDENT25,2
19,STUDENT25,2
20,STUDENT25,1
21,STUDENT25,1
22,STUDENT25,1
23,STUDENT25,1
24,STUDENT25,1
25,STUDENT25,2
26,STUDENT25,1
27,STUDENT25,3
28,STUDENT25,2
29,STUDENT25,4
30,STUDENT25,4
COURSE ID,STUDENT25,1
GRADE,STUDENT25,2
1,STUDENT26,2
2,STUDENT26,2
3,STUDENT26,2
4,STUDENT26,3
5,STUDENT26,2
6,STUDENT26,2
7,STUDENT26,1
8,STUDENT26,1
9,STUDENT26,1
10,STUDENT26,2
11,STUDENT26,1
12,STUDENT26,4
13,STUDENT26,3
14,STUDENT26,1
15,STUDENT26,2
16,STUDENT26,4
17,STUDENT26,2
18,STUDENT26,2
19,STUDENT26,2
20,STUDENT26,1
21,STUDENT26,1
22,STUDENT26,1
23,STUDENT26,1
24,STUDENT26,1
25,STUDENT26,2
26,STUDENT26,1
27,STUDENT26,3
28,STUDENT26,2
29,STUDENT26,1
30,STUDENT26,2
COURSE ID,STUDENT26,1
GRADE,STUDENT26,3
1,STUDENT27,2
2,STUDENT27,2
3,STUDENT27,2
4,STUDENT27,3
5,STUDENT27,2
6,STUDENT27,1
7,STUDENT27,1
8,STUDENT27,1
9,STUDENT27,1
10,STUDENT27,1
11,STUDENT27,4
12,STUDENT27,4
13,STUDENT27,4
14,STUDENT27,1
15,STUDENT27,2
16,STUDENT27,4
17,STUDENT27,2
18,STUDENT27,3
19,STUDENT27,2
20,STUDENT27,1
21,STUDENT27,1
22,STUDENT27,1
23,STUDENT27,1
24,STUDENT27,1
25,STUDENT27,3
26,STUDENT27,3
27,STUDENT27,3
28,STUDENT27,2
29,STUDENT27,2
30,STUDENT27,1
COURSE ID,STUDENT27,1
GRADE,STUDENT27,1
1,STUDENT28,1
2,STUDENT28,2
3,STUDENT28,1
4,STUDENT28,3
5,STUDENT28,1
6,STUDENT28,2
7,STUDENT28,2
8,STUDENT28,1
9,STUDENT28,1
10,STUDENT28,1
11,STUDENT28,1
12,STUDENT28,1
13,STUDENT28,4
14,STUDENT28,1
15,STUDENT28,2
16,STUDENT28,3
17,STUDENT28,3
18,STUDENT28,2
19,STUDENT28,2
20,STUDENT28,1
21,STUDENT28,1
22,STUDENT28,2
23,STUDENT28,1
24,STUDENT28,1
25,STUDENT28,3
26,STUDENT28,1
27,STUDENT28,2
28,STUDENT28,1
29,STUDENT28,2
30,STUDENT28,1
COURSE ID,STUDENT28,1
GRADE,STUDENT28,1
1,STUDENT29,3
2,STUDENT29,2
3,STUDENT29,2
4,STUDENT29,3
5,STUDENT29,2
6,STUDENT29,2
7,STUDENT29,1
8,STUDENT29,1
9,STUDENT29,4
10,STUDENT29,2
11,STUDENT29,2
12,STUDENT29,2
13,STUDENT29,4
14,STUDENT29,1
15,STUDENT29,2
16,STUDENT29,1
17,STUDENT29,2
18,STUDENT29,2
19,STUDENT29,2
20,STUDENT29,1
21,STUDENT29,1
22,STUDENT29,1
23,STUDENT29,1
24,STUDENT29,1
25,STUDENT29,3
26,STUDENT29,2
27,STUDENT29,3
28,STUDENT29,3
29,STUDENT29,5
30,STUDENT29,4
COURSE ID,STUDENT29,1
GRADE,STUDENT29,3
1,STUDENT30,2
2,STUDENT30,2
3,STUDENT30,3
4,STUDENT30,4
5,STUDENT30,2
6,STUDENT30,2
7,STUDENT30,2
8,STUDENT30,1
9,STUDENT30,4
10,STUDENT30,2
11,STUDENT30,3
12,STUDENT30,3
13,STUDENT30,2
14,STUDENT30,1
15,STUDENT30,4
16,STUDENT30,1
17,STUDENT30,2
18,STUDENT30,2
19,STUDENT30,2
20,STUDENT30,1
21,STUDENT30,1
22,STUDENT30,1
23,STUDENT30,1
24,STUDENT30,1
25,STUDENT30,3
26,STUDENT30,2
27,STUDENT30,2
28,STUDENT30,2
29,STUDENT30,4
30,STUDENT30,3
COURSE ID,STUDENT30,1
GRADE,STUDENT30,5
1,STUDENT31,2
2,STUDENT31,2
3,STUDENT31,2
4,STUDENT31,5
5,STUDENT31,1
6,STUDENT31,1
7,STUDENT31,1
8,STUDENT31,1
9,STUDENT31,1
10,STUDENT31,2
11,STUDENT31,1
12,STUDENT31,1
13,STUDENT31,5
14,STUDENT31,1
15,STUDENT31,2
16,STUDENT31,4
17,STUDENT31,2
18,STUDENT31,2
19,STUDENT31,2
20,STUDENT31,1
21,STUDENT31,1
22,STUDENT31,1
23,STUDENT31,2
24,STUDENT31,1
25,STUDENT31,2
26,STUDENT31,3
27,STUDENT31,3
28,STUDENT31,3
29,STUDENT31,5
30,STUDENT31,4
COURSE ID,STUDENT31,1
GRADE,STUDENT31,5
1,STUDENT32,3
2,STUDENT32,2
3,STUDENT32,2
4,STUDENT32,3
5,STUDENT32,1
6,STUDENT32,2
7,STUDENT32,2
8,STUDENT32,1
9,STUDENT32,1
10,STUDENT32,2
11,STUDENT32,1
12,STUDENT32,2
13,STUDENT32,4
14,STUDENT32,1
15,STUDENT32,2
16,STUDENT32,3
17,STUDENT32,2
18,STUDENT32,2
19,STUDENT32,3
20,STUDENT32,1
21,STUDENT32,1
22,STUDENT32,1
23,STUDENT32,1
24,STUDENT32,1
25,STUDENT32,3
26,STUDENT32,3
27,STUDENT32,2
28,STUDENT32,3
29,STUDENT32,4
30,STUDENT32,3
COURSE ID,STUDENT32,1
GRADE,STUDENT32,3
1,STUDENT33,2
2,STUDENT33,1
3,STUDENT33,2
4,STUDENT33,3
5,STUDENT33,2
6,STUDENT33,2
7,STUDENT33,2
8,STUDENT33,2
9,STUDENT33,1
10,STUDENT33,1
11,STUDENT33,2
12,STUDENT33,2
13,STUDENT33,2
14,STUDENT33,1
15,STUDENT33,2
16,STUDENT33,1
17,STUDENT33,2
18,STUDENT33,2
19,STUDENT33,2
20,STUDENT33,1
21,STUDENT33,1
22,STUDENT33,2
23,STUDENT33,1
24,STUDENT33,1
25,STUDENT33,2
26,STUDENT33,2
27,STUDENT33,2
28,STUDENT33,1
29,STUDENT33,2
30,STUDENT33,3
COURSE ID,STUDENT33,1
GRADE,STUDENT33,1
1,STUDENT34,2
2,STUDENT34,1
3,STUDENT34,2
4,STUDENT34,3
5,STUDENT34,1
6,STUDENT34,2
7,STUDENT34,1
8,STUDENT34,1
9,STUDENT34,1
10,STUDENT34,1
11,STUDENT34,1
12,STUDENT34,2
13,STUDENT34,5
14,STUDENT34,1
15,STUDENT34,2
16,STUDENT34,3
17,STUDENT34,2
18,STUDENT34,1
19,STUDENT34,2
20,STUDENT34,1
21,STUDENT34,1
22,STUDENT34,1
23,STUDENT34,1
24,STUDENT34,1
25,STUDENT34,1
26,STUDENT34,3
27,STUDENT34,2
28,STUDENT34,2
29,STUDENT34,2
30,STUDENT34,3
COURSE ID,STUDENT34,1
GRADE,STUDENT34,2
1,STUDENT35,1
2,STUDENT35,2
3,STUDENT35,1
4,STUDENT35,3
5,STUDENT35,2
6,STUDENT35,2
7,STUDENT35,1
8,STUDENT35,2
9,STUDENT35,1
10,STUDENT35,1
11,STUDENT35,3
12,STUDENT35,3
13,STUDENT35,3
14,STUDENT35,1
15,STUDENT35,2
16,STUDENT35,4
17,STUDENT35,2
18,STUDENT35,1
19,STUDENT35,1
20,STUDENT35,1
21,STUDENT35,1
22,STUDENT35,2
23,STUDENT35,1
24,STUDENT35,1
25,STUDENT35,2
26,STUDENT35,2
27,STUDENT35,3
28,STUDENT35,1
29,STUDENT35,4
30,STUDENT35,1
COURSE ID,STUDENT35,1
GRADE,STUDENT35,2
1,STUDENT36,1
2,STUDENT36,2
3,STUDENT36,1
4,STUDENT36,4
5,STUDENT36,2
6,STUDENT36,2
7,STUDENT36,2
8,STUDENT36,3
9,STUDENT36,1
10,STUDENT36,1
11,STUDENT36,1
12,STUDENT36,2
13,STUDENT36,5
14,STUDENT36,1
15,STUDENT36,2
16,STUDENT36,3
17,STUDENT36,2
18,STUDENT36,2
19,STUDENT36,2
20,STUDENT36,1
21,STUDENT36,1
22,STUDENT36,2
23,STUDENT36,1
24,STUDENT36,1
25,STUDENT36,2
26,STUDENT36,1
27,STUDENT36,3
28,STUDENT36,1
29,STUDENT36,1
30,STUDENT36,1
COURSE ID,STUDENT36,1
GRADE,STUDENT36,1
1,STUDENT37,2
2,STUDENT37,2
3,STUDENT37,3
4,STUDENT37,4
5,STUDENT37,1
6,STUDENT37,2
7,STUDENT37,1
8,STUDENT37,3
9,STUDENT37,1
10,STUDENT37,1
11,STUDENT37,1
12,STUDENT37,1
13,STUDENT37,2
14,STUDENT37,2
15,STUDENT37,4
16,STUDENT37,3
17,STUDENT37,1
18,STUDENT37,1
19,STUDENT37,3
20,STUDENT37,1
21,STUDENT37,1
22,STUDENT37,2
23,STUDENT37,2
24,STUDENT37,1
25,STUDENT37,2
26,STUDENT37,1
27,STUDENT37,2
28,STUDENT37,1
29,STUDENT37,4
30,STUDENT37,3
COURSE ID,STUDENT37,1
GRADE,STUDENT37,2
1,STUDENT38,2
2,STUDENT38,2
3,STUDENT38,2
4,STUDENT38,3
5,STUDENT38,1
6,STUDENT38,1
7,STUDENT38,1
8,STUDENT38,2
9,STUDENT38,2
10,STUDENT38,3
11,STUDENT38,3
12,STUDENT38,3
13,STUDENT38,1
14,STUDENT38,1
15,STUDENT38,2
16,STUDENT38,3
17,STUDENT38,2
18,STUDENT38,2
19,STUDENT38,2
20,STUDENT38,1
21,STUDENT38,1
22,STUDENT38,1
23,STUDENT38,1
24,STUDENT38,1
25,STUDENT38,3
26,STUDENT38,2
27,STUDENT38,3
28,STUDENT38,3
29,STUDENT38,5
30,STUDENT38,4
COURSE ID,STUDENT38,1
GRADE,STUDENT38,1
1,STUDENT39,2
2,STUDENT39,2
3,STUDENT39,2
4,STUDENT39,5
5,STUDENT39,2
6,STUDENT39,2
7,STUDENT39,2
8,STUDENT39,1
9,STUDENT39,1
10,STUDENT39,1
11,STUDENT39,3
12,STUDENT39,3
13,STUDENT39,1
14,STUDENT39,1
15,STUDENT39,2
16,STUDENT39,4
17,STUDENT39,3
18,STUDENT39,2
19,STUDENT39,2
20,STUDENT39,1
21,STUDENT39,1
22,STUDENT39,1
23,STUDENT39,2
24,STUDENT39,1
25,STUDENT39,2
26,STUDENT39,2
27,STUDENT39,2
28,STUDENT39,2
29,STUDENT39,4
30,STUDENT39,3
COURSE ID,STUDENT39,1
GRADE,STUDENT39,2
1,STUDENT40,2
2,STUDENT40,1
3,STUDENT40,2
4,STUDENT40,3
5,STUDENT40,2
6,STUDENT40,2
7,STUDENT40,1
8,STUDENT40,1
9,STUDENT40,1
10,STUDENT40,2
11,STUDENT40,1
12,STUDENT40,3
13,STUDENT40,1
14,STUDENT40,1
15,STUDENT40,2
16,STUDENT40,4
17,STUDENT40,1
18,STUDENT40,2
19,STUDENT40,1
20,STUDENT40,1
21,STUDENT40,1
22,STUDENT40,1
23,STUDENT40,1
24,STUDENT40,1
25,STUDENT40,2
26,STUDENT40,2
27,STUDENT40,2
28,STUDENT40,3
29,STUDENT40,2
30,STUDENT40,1
COURSE ID,STUDENT40,1
GRADE,STUDENT40,1
1,STUDENT41,1
2,STUDENT41,2
3,STUDENT41,1
4,STUDENT41,3
5,STUDENT41,2
6,STUDENT41,2
7,STUDENT41,2
8,STUDENT41,2
9,STUDENT41,1
10,STUDENT41,1
11,STUDENT41,2
12,STUDENT41,3
13,STUDENT41,1
14,STUDENT41,1
15,STUDENT41,2
16,STUDENT41,5
17,STUDENT41,1
18,STUDENT41,2
19,STUDENT41,2
20,STUDENT41,1
21,STUDENT41,1
22,STUDENT41,1
23,STUDENT41,1
24,STUDENT41,1
25,STUDENT41,3
26,STUDENT41,1
27,STUDENT41,2
28,STUDENT41,1
29,STUDENT41,2
30,STUDENT41,3
COURSE ID,STUDENT41,1
GRADE,STUDENT41,1
1,STUDENT42,3
2,STUDENT42,2
3,STUDENT42,2
4,STUDENT42,3
5,STUDENT42,1
6,STUDENT42,2
7,STUDENT42,2
8,STUDENT42,2
9,STUDENT42,1
10,STUDENT42,2
11,STUDENT42,1
12,STUDENT42,4
13,STUDENT42,2
14,STUDENT42,1
15,STUDENT42,2
16,STUDENT42,2
17,STUDENT42,3
18,STUDENT42,2
19,STUDENT42,2
20,STUDENT42,1
21,STUDENT42,1
22,STUDENT42,2
23,STUDENT42,1
24,STUDENT42,1
25,STUDENT42,3
26,STUDENT42,2
27,STUDENT42,2
28,STUDENT42,3
29,STUDENT42,4
30,STUDENT42,3
COURSE ID,STUDENT42,1
GRADE,STUDENT42,1
1,STUDENT43,2
2,STUDENT43,2
3,STUDENT43,2
4,STUDENT43,3
5,STUDENT43,2
6,STUDENT43,1
7,STUDENT43,2
8,STUDENT43,1
9,STUDENT43,4
10,STUDENT43,2
11,STUDENT43,4
12,STUDENT43,4
13,STUDENT43,2
14,STUDENT43,1
15,STUDENT43,3
16,STUDENT43,1
17,STUDENT43,2
18,STUDENT43,2
19,STUDENT43,1
20,STUDENT43,1
21,STUDENT43,1
22,STUDENT43,1
23,STUDENT43,1
24,STUDENT43,1
25,STUDENT43,2
26,STUDENT43,1
27,STUDENT43,3
28,STUDENT43,1
29,STUDENT43,2
30,STUDENT43,3
COURSE ID,STUDENT43,1
GRADE,STUDENT43,1
1,STUDENT44,1
2,STUDENT44,2
3,STUDENT44,2
4,STUDENT44,3
5,STUDENT44,2
6,STUDENT44,2
7,STUDENT44,1
8,STUDENT44,1
9,STUDENT44,1
10,STUDENT44,1
11,STUDENT44,2
12,STUDENT44,3
13,STUDENT44,3
14,STUDENT44,1
15,STUDENT44,2
16,STUDENT44,1
17,STUDENT44,2
18,STUDENT44,2
19,STUDENT44,2
20,STUDENT44,1
21,STUDENT44,1
22,STUDENT44,2
23,STUDENT44,1
24,STUDENT44,1
25,STUDENT44,3
26,STUDENT44,1
27,STUDENT44,3
28,STUDENT44,3
29,STUDENT44,3
30,STUDENT44,2
COURSE ID,STUDENT44,1
GRADE,STUDENT44,4
1,STUDENT45,2
2,STUDENT45,2
3,STUDENT45,3
4,STUDENT45,3
5,STUDENT45,2
6,STUDENT45,2
7,STUDENT45,1
8,STUDENT45,1
9,STUDENT45,1
10,STUDENT45,1
11,STUDENT45,1
12,STUDENT45,3
13,STUDENT45,2
14,STUDENT45,1
15,STUDENT45,2
16,STUDENT45,5
17,STUDENT45,2
18,STUDENT45,2
19,STUDENT45,2
20,STUDENT45,1
21,STUDENT45,1
22,STUDENT45,1
23,STUDENT45,2
24,STUDENT45,1
25,STUDENT45,3
26,STUDENT45,2
27,STUDENT45,2
28,STUDENT45,1
29,STUDENT45,4
30,STUDENT45,3
COURSE ID,STUDENT45,1
GRADE,STUDENT45,1
1,STUDENT46,1
2,STUDENT46,2
3,STUDENT46,2
4,STUDENT46,3
5,STUDENT46,2
6,STUDENT46,2
7,STUDENT46,1
8,STUDENT46,4
9,STUDENT46,1
10,STUDENT46,1
11,STUDENT46,2
12,STUDENT46,3
13,STUDENT46,5
14,STUDENT46,1
15,STUDENT46,2
16,STUDENT46,4
17,STUDENT46,3
18,STUDENT46,2
19,STUDENT46,2
20,STUDENT46,1
21,STUDENT46,1
22,STUDENT46,1
23,STUDENT46,1
24,STUDENT46,1
25,STUDENT46,2
26,STUDENT46,2
27,STUDENT46,2
28,STUDENT46,1
29,STUDENT46,4
30,STUDENT46,3
COURSE ID,STUDENT46,1
GRADE,STUDENT46,3
1,STUDENT47,2
2,STUDENT47,2
3,STUDENT47,2
4,STUDENT47,3
5,STUDENT47,2
6,STUDENT47,2
7,STUDENT47,1
8,STUDENT47,1
9,STUDENT47,1
10,STUDENT47,1
11,STUDENT47,1
12,STUDENT47,2
13,STUDENT47,3
14,STUDENT47,1
15,STUDENT47,2
16,STUDENT47,5
17,STUDENT47,2
18,STUDENT47,2
19,STUDENT47,2
20,STUDENT47,1
21,STUDENT47,1
22,STUDENT47,1
23,STUDENT47,1
24,STUDENT47,1
25,STUDENT47,2
26,STUDENT47,2
27,STUDENT47,3
28,STUDENT47,1
29,STUDENT47,4
30,STUDENT47,2
COURSE ID,STUDENT47,1
GRADE,STUDENT47,5
1,STUDENT48,2
2,STUDENT48,2
3,STUDENT48,2
4,STUDENT48,3
5,STUDENT48,2
6,STUDENT48,2
7,STUDENT48,1
8,STUDENT48,1
9,STUDENT48,1
10,STUDENT48,2
11,STUDENT48,4
12,STUDENT48,3
13,STUDENT48,1
14,STUDENT48,1
15,STUDENT48,5
16,STUDENT48,4
17,STUDENT48,2
18,STUDENT48,2
19,STUDENT48,2
20,STUDENT48,1
21,STUDENT48,1
22,STUDENT48,2
23,STUDENT48,1
24,STUDENT48,1
25,STUDENT48,2
26,STUDENT48,1
27,STUDENT48,3
28,STUDENT48,2
29,STUDENT48,5
30,STUDENT48,3
COURSE ID,STUDENT48,1
GRADE,STUDENT48,3
1,STUDENT49,1
2,STUDENT49,2
3,STUDENT49,2
4,STUDENT49,3
5,STUDENT49,2
6,STUDENT49,1
7,STUDENT49,1
8,STUDENT49,1
9,STUDENT49,1
10,STUDENT49,2
11,STUDENT49,3
12,STUDENT49,3
13,STUDENT49,3
14,STUDENT49,1
15,STUDENT49,2
16,STUDENT49,2
17,STUDENT49,1
18,STUDENT49,1
19,STUDENT49,2
20,STUDENT49,1
21,STUDENT49,1
22,STUDENT49,1
23,STUDENT49,1
24,STUDENT49,1
25,STUDENT49,3
26,STUDENT49,2
27,STUDENT49,3
28,STUDENT49,2
29,STUDENT49,2
30,STUDENT49,2
COURSE ID,STUDENT49,1
GRADE,STUDENT49,1
1,STUDENT50,1
2,STUDENT50,2
3,STUDENT50,1
4,STUDENT50,4
5,STUDENT50,2
6,STUDENT50,2
7,STUDENT50,2
8,STUDENT50,2
9,STUDENT50,4
10,STUDENT50,1
11,STUDENT50,2
12,STUDENT50,3
13,STUDENT50,2
14,STUDENT50,1
15,STUDENT50,2
16,STUDENT50,4
17,STUDENT50,2
18,STUDENT50,2
19,STUDENT50,2
20,STUDENT50,1
21,STUDENT50,1
22,STUDENT50,1
23,STUDENT50,2
24,STUDENT50,1
25,STUDENT50,2
26,STUDENT50,2
27,STUDENT50,2
28,STUDENT50,1
29,STUDENT50,3
30,STUDENT50,2
COURSE ID,STUDENT50,1
GRADE,STUDENT50,2
1,STUDENT51,2
2,STUDENT51,2
3,STUDENT51,2
4,STUDENT51,3
5,STUDENT51,2
6,STUDENT51,2
7,STUDENT51,1
8,STUDENT51,2
9,STUDENT51,2
10,STUDENT51,1
11,STUDENT51,1
12,STUDENT51,1
13,STUDENT51,2
14,STUDENT51,1
15,STUDENT51,2
16,STUDENT51,3
17,STUDENT51,2
18,STUDENT51,2
19,STUDENT51,2
20,STUDENT51,1
21,STUDENT51,1
22,STUDENT51,2
23,STUDENT51,1
24,STUDENT51,1
25,STUDENT51,2
26,STUDENT51,2
27,STUDENT51,2
28,STUDENT51,3
29,STUDENT51,3
30,STUDENT51,3
COURSE ID,STUDENT51,1
GRADE,STUDENT51,1
1,STUDENT52,2
2,STUDENT52,1
3,STUDENT52,3
4,STUDENT52,3
5,STUDENT52,1
6,STUDENT52,1
7,STUDENT52,2
8,STUDENT52,1
9,STUDENT52,1
10,STUDENT52,1
11,STUDENT52,1
12,STUDENT52,2
13,STUDENT52,5
14,STUDENT52,1
15,STUDENT52,2
16,STUDENT52,1
17,STUDENT52,1
18,STUDENT52,2
19,STUDENT52,2
20,STUDENT52,1
21,STUDENT52,1
22,STUDENT52,2
23,STUDENT52,1
24,STUDENT52,1
25,STUDENT52,2
26,STUDENT52,3
27,STUDENT52,3
28,STUDENT52,1
29,STUDENT52,3
30,STUDENT52,3
COURSE ID,STUDENT52,1
GRADE,STUDENT52,4
1,STUDENT53,2
2,STUDENT53,1
3,STUDENT53,2
4,STUDENT53,3
5,STUDENT53,1
6,STUDENT53,2
7,STUDENT53,2
8,STUDENT53,2
9,STUDENT53,1
10,STUDENT53,1
11,STUDENT53,1
12,STUDENT53,3
13,STUDENT53,4
14,STUDENT53,1
15,STUDENT53,2
16,STUDENT53,1
17,STUDENT53,3
18,STUDENT53,1
19,STUDENT53,1
20,STUDENT53,1
21,STUDENT53,1
22,STUDENT53,1
23,STUDENT53,1
24,STUDENT53,2
25,STUDENT53,2
26,STUDENT53,2
27,STUDENT53,2
28,STUDENT53,1
29,STUDENT53,4
30,STUDENT53,2
COURSE ID,STUDENT53,1
GRADE,STUDENT53,1
1,STUDENT54,2
2,STUDENT54,1
3,STUDENT54,2
4,STUDENT54,3
5,STUDENT54,2
6,STUDENT54,1
7,STUDENT54,2
8,STUDENT54,2
9,STUDENT54,1
10,STUDENT54,1
11,STUDENT54,1
12,STUDENT54,1
13,STUDENT54,5
14,STUDENT54,1
15,STUDENT54,2
16,STUDENT54,1
17,STUDENT54,1
18,STUDENT54,2
19,STUDENT54,2
20,STUDENT54,1
21,STUDENT54,1
22,STUDENT54,2
23,STUDENT54,1
24,STUDENT54,1
25,STUDENT54,2
26,STUDENT54,2
27,STUDENT54,2
28,STUDENT54,2
29,STUDENT54,3
30,STUDENT54,2
COURSE ID,STUDENT54,1
GRADE,STUDENT54,5
1,STUDENT55,2
2,STUDENT55,2
3,STUDENT55,2
4,STUDENT55,3
5,STUDENT55,2
6,STUDENT55,2
7,STUDENT55,2
8,STUDENT55,3
9,STUDENT55,4
10,STUDENT55,2
11,STUDENT55,1
12,STUDENT55,4
13,STUDENT55,2
14,STUDENT55,1
15,STUDENT55,4
16,STUDENT55,2
17,STUDENT55,2
18,STUDENT55,1
19,STUDENT55,1
20,STUDENT55,1
21,STUDENT55,1
22,STUDENT55,1
23,STUDENT55,1
24,STUDENT55,2
25,STUDENT55,3
26,STUDENT55,1
27,STUDENT55,3
28,STUDENT55,1
29,STUDENT55,5
30,STUDENT55,3
COURSE ID,STUDENT55,1
GRADE,STUDENT55,3
1,STUDENT56,3
2,STUDENT56,2
3,STUDENT56,2
4,STUDENT56,3
5,STUDENT56,1
6,STUDENT56,2
7,STUDENT56,1
8,STUDENT56,4
9,STUDENT56,1
10,STUDENT56,2
11,STUDENT56,1
12,STUDENT56,1
13,STUDENT56,5
14,STUDENT56,3
15,STUDENT56,2
16,STUDENT56,1
17,STUDENT56,1
18,STUDENT56,2
19,STUDENT56,2
20,STUDENT56,1
21,STUDENT56,1
22,STUDENT56,1
23,STUDENT56,3
24,STUDENT56,3
25,STUDENT56,1
26,STUDENT56,3
27,STUDENT56,3
28,STUDENT56,3
29,STUDENT56,5
30,STUDENT56,4
COURSE ID,STUDENT56,1
GRADE,STUDENT56,3
1,STUDENT57,2
2,STUDENT57,2
3,STUDENT57,2
4,STUDENT57,3
5,STUDENT57,2
6,STUDENT57,1
7,STUDENT57,2
8,STUDENT57,1
9,STUDENT57,1
10,STUDENT57,1
11,STUDENT57,1
12,STUDENT57,3
13,STUDENT57,5
14,STUDENT57,1
15,STUDENT57,2
16,STUDENT57,4
17,STUDENT57,4
18,STUDENT57,2
19,STUDENT57,3
20,STUDENT57,1
21,STUDENT57,1
22,STUDENT57,1
23,STUDENT57,1
24,STUDENT57,2
25,STUDENT57,3
26,STUDENT57,2
27,STUDENT57,3
28,STUDENT57,3
29,STUDENT57,5
30,STUDENT57,4
COURSE ID,STUDENT57,1
GRADE,STUDENT57,5
1,STUDENT58,2
2,STUDENT58,2
3,STUDENT58,2
4,STUDENT58,3
5,STUDENT58,1
6,STUDENT58,1
7,STUDENT58,2
8,STUDENT58,1
9,STUDENT58,1
10,STUDENT58,1
11,STUDENT58,4
12,STUDENT58,2
13,STUDENT58,3
14,STUDENT58,1
15,STUDENT58,3
16,STUDENT58,3
17,STUDENT58,2
18,STUDENT58,3
19,STUDENT58,2
20,STUDENT58,1
21,STUDENT58,1
22,STUDENT58,1
23,STUDENT58,1
24,STUDENT58,1
25,STUDENT58,3
26,STUDENT58,2
27,STUDENT58,3
28,STUDENT58,1
29,STUDENT58,5
30,STUDENT58,4
COURSE ID,STUDENT58,1
GRADE,STUDENT58,4
1,STUDENT59,3
2,STUDENT59,2
3,STUDENT59,2
4,STUDENT59,3
5,STUDENT59,2
6,STUDENT59,2
7,STUDENT59,1
8,STUDENT59,3
9,STUDENT59,1
10,STUDENT59,1
11,STUDENT59,1
12,STUDENT59,3
13,STUDENT59,5
14,STUDENT59,2
15,STUDENT59,2
16,STUDENT59,1
17,STUDENT59,3
18,STUDENT59,2
19,STUDENT59,2
20,STUDENT59,1
21,STUDENT59,1
22,STUDENT59,1
23,STUDENT59,1
24,STUDENT59,1
25,STUDENT59,3
26,STUDENT59,2
27,STUDENT59,2
28,STUDENT59,2
29,STUDENT59,5
30,STUDENT59,4
COURSE ID,STUDENT59,1
GRADE,STUDENT59,3
1,STUDENT60,2
2,STUDENT60,2
3,STUDENT60,2
4,STUDENT60,3
5,STUDENT60,2
6,STUDENT60,1
7,STUDENT60,1
8,STUDENT60,1
9,STUDENT60,1
10,STUDENT60,1
11,STUDENT60,4
12,STUDENT60,4
13,STUDENT60,3
14,STUDENT60,1
15,STUDENT60,2
16,STUDENT60,3
17,STUDENT60,3
18,STUDENT60,2
19,STUDENT60,2
20,STUDENT60,1
21,STUDENT60,1
22,STUDENT60,1
23,STUDENT60,1
24,STUDENT60,1
25,STUDENT60,3
26,STUDENT60,3
27,STUDENT60,2
28,STUDENT60,2
29,STUDENT60,4
30,STUDENT60,3
COURSE ID,STUDENT60,1
GRADE,STUDENT60,5
1,STUDENT61,2
2,STUDENT61,1
3,STUDENT61,2
4,STUDENT61,3
5,STUDENT61,2
6,STUDENT61,2
7,STUDENT61,2
8,STUDENT61,5
9,STUDENT61,2
10,STUDENT61,1
11,STUDENT61,6
12,STUDENT61,1
13,STUDENT61,3
14,STUDENT61,1
15,STUDENT61,2
16,STUDENT61,3
17,STUDENT61,1
18,STUDENT61,2
19,STUDENT61,2
20,STUDENT61,1
21,STUDENT61,1
22,STUDENT61,1
23,STUDENT61,1
24,STUDENT61,1
25,STUDENT61,1
26,STUDENT61,3
27,STUDENT61,3
28,STUDENT61,1
29,STUDENT61,2
30,STUDENT61,1
COURSE ID,STUDENT61,1
GRADE,STUDENT61,2
1,STUDENT62,1
2,STUDENT62,2
3,STUDENT62,3
4,STUDENT62,3
5,STUDENT62,2
6,STUDENT62,1
7,STUDENT62,2
8,STUDENT62,2
9,STUDENT62,1
10,STUDENT62,2
11,STUDENT62,1
12,STUDENT62,3
13,STUDENT62,4
14,STUDENT62,1
15,STUDENT62,2
16,STUDENT62,3
17,STUDENT62,3
18,STUDENT62,1
19,STUDENT62,2
20,STUDENT62,1
21,STUDENT62,3
22,STUDENT62,2
23,STUDENT62,1
24,STUDENT62,1
25,STUDENT62,3
26,STUDENT62,2
27,STUDENT62,2
28,STUDENT62,2
29,STUDENT62,4
30,STUDENT62,4
COURSE ID,STUDENT62,1
GRADE,STUDENT62,5
1,STUDENT63,2
2,STUDENT63,2
3,STUDENT63,2
4,STUDENT63,3
5,STUDENT63,2
6,STUDENT63,2
7,STUDENT63,2
8,STUDENT63,1
9,STUDENT63,4
10,STUDENT63,2
11,STUDENT63,2
12,STUDENT63,3
13,STUDENT63,2
14,STUDENT63,1
15,STUDENT63,2
16,STUDENT63,4
17,STUDENT63,3
18,STUDENT63,2
19,STUDENT63,2
20,STUDENT63,1
21,STUDENT63,1
22,STUDENT63,1
23,STUDENT63,1
24,STUDENT63,1
25,STUDENT63,2
26,STUDENT63,3
27,STUDENT63,3
28,STUDENT63,2
29,STUDENT63,5
30,STUDENT63,4
COURSE ID,STUDENT63,1
GRADE,STUDENT63,3
1,STUDENT64,2
2,STUDENT64,2
3,STUDENT64,2
4,STUDENT64,4
5,STUDENT64,2
6,STUDENT64,2
7,STUDENT64,1
8,STUDENT64,2
9,STUDENT64,1
10,STUDENT64,1
11,STUDENT64,1
12,STUDENT64,3
13,STUDENT64,3
14,STUDENT64,1
15,STUDENT64,2
16,STUDENT64,1
17,STUDENT64,1
18,STUDENT64,1
19,STUDENT64,2
20,STUDENT64,1
21,STUDENT64,1
22,STUDENT64,1
23,STUDENT64,3
24,STUDENT64,1
25,STUDENT64,2
26,STUDENT64,2
27,STUDENT64,2
28,STUDENT64,1
29,STUDENT64,3
30,STUDENT64,3
COURSE ID,STUDENT64,1
GRADE,STUDENT64,5
1,STUDENT65,2
2,STUDENT65,2
3,STUDENT65,3
4,STUDENT65,5
5,STUDENT65,2
6,STUDENT65,2
7,STUDENT65,2
8,STUDENT65,1
9,STUDENT65,1
10,STUDENT65,1
11,STUDENT65,2
12,STUDENT65,2
13,STUDENT65,2
14,STUDENT65,1
15,STUDENT65,2
16,STUDENT65,1
17,STUDENT65,1
18,STUDENT65,2
19,STUDENT65,2
20,STUDENT65,1
21,STUDENT65,3
22,STUDENT65,1
23,STUDENT65,2
24,STUDENT65,1
25,STUDENT65,3
26,STUDENT65,2
27,STUDENT65,3
28,STUDENT65,1
29,STUDENT65,4
30,STUDENT65,3
COURSE ID,STUDENT65,1
GRADE,STUDENT65,3
1,STUDENT66,1
2,STUDENT66,2
3,STUDENT66,2
4,STUDENT66,3
5,STUDENT66,2
6,STUDENT66,2
7,STUDENT66,1
8,STUDENT66,3
9,STUDENT66,1
10,STUDENT66,1
11,STUDENT66,2
12,STUDENT66,4
13,STUDENT66,3
14,STUDENT66,1
15,STUDENT66,2
16,STUDENT66,4
17,STUDENT66,1
18,STUDENT66,1
19,STUDENT66,2
20,STUDENT66,1
21,STUDENT66,3
22,STUDENT66,2
23,STUDENT66,2
24,STUDENT66,1
25,STUDENT66,2
26,STUDENT66,1
27,STUDENT66,2
28,STUDENT66,1
29,STUDENT66,2
30,STUDENT66,2
COURSE ID,STUDENT66,1
GRADE,STUDENT66,2
1,STUDENT67,2
2,STUDENT67,2
3,STUDENT67,2
4,STUDENT67,3
5,STUDENT67,2
6,STUDENT67,2
7,STUDENT67,1
8,STUDENT67,1
9,STUDENT67,1
10,STUDENT67,1
11,STUDENT67,3
12,STUDENT67,2
13,STUDENT67,5
14,STUDENT67,1
15,STUDENT67,2
16,STUDENT67,5
17,STUDENT67,2
18,STUDENT67,2
19,STUDENT67,2
20,STUDENT67,1
21,STUDENT67,1
22,STUDENT67,1
23,STUDENT67,1
24,STUDENT67,1
25,STUDENT67,3
26,STUDENT67,2
27,STUDENT67,2
28,STUDENT67,3
29,STUDENT67,5
30,STUDENT67,4
COURSE ID,STUDENT67,2
GRADE,STUDENT67,5
1,STUDENT68,2
2,STUDENT68,2
3,STUDENT68,3
4,STUDENT68,3
5,STUDENT68,1
6,STUDENT68,1
7,STUDENT68,2
8,STUDENT68,3
9,STUDENT68,1
10,STUDENT68,2
11,STUDENT68,3
12,STUDENT68,4
13,STUDENT68,4
14,STUDENT68,2
15,STUDENT68,2
16,STUDENT68,2
17,STUDENT68,2
18,STUDENT68,2
19,STUDENT68,2
20,STUDENT68,1
21,STUDENT68,1
22,STUDENT68,2
23,STUDENT68,1
24,STUDENT68,1
25,STUDENT68,2
26,STUDENT68,2
27,STUDENT68,1
28,STUDENT68,2
29,STUDENT68,2
30,STUDENT68,3
COURSE ID,STUDENT68,2
GRADE,STUDENT68,1
1,STUDENT69,2
2,STUDENT69,1
3,STUDENT69,2
4,STUDENT69,4
5,STUDENT69,1
6,STUDENT69,2
7,STUDENT69,2
8,STUDENT69,1
9,STUDENT69,1
10,STUDENT69,1
11,STUDENT69,2
12,STUDENT69,3
13,STUDENT69,5
14,STUDENT69,3
15,STUDENT69,2
16,STUDENT69,5
17,STUDENT69,1
18,STUDENT69,2
19,STUDENT69,2
20,STUDENT69,1
21,STUDENT69,1
22,STUDENT69,2
23,STUDENT69,1
24,STUDENT69,1
25,STUDENT69,2
26,STUDENT69,2
27,STUDENT69,3
28,STUDENT69,2
29,STUDENT69,4
30,STUDENT69,3
COURSE ID,STUDENT69,3
GRADE,STUDENT69,5
1,STUDENT70,2
2,STUDENT70,1
3,STUDENT70,2
4,STUDENT70,4
5,STUDENT70,2
6,STUDENT70,2
7,STUDENT70,1
8,STUDENT70,1
9,STUDENT70,1
10,STUDENT70,1
11,STUDENT70,2
12,STUDENT70,2
13,STUDENT70,2
14,STUDENT70,1
15,STUDENT70,2
16,STUDENT70,3
17,STUDENT70,1
18,STUDENT70,1
19,STUDENT70,2
20,STUDENT70,1
21,STUDENT70,1
22,STUDENT70,1
23,STUDENT70,2
24,STUDENT70,1
25,STUDENT70,3
26,STUDENT70,2
27,STUDENT70,3
28,STUDENT70,1
29,STUDENT70,3
30,STUDENT70,2
COURSE ID,STUDENT70,3
GRADE,STUDENT70,5
1,STUDENT71,1
2,STUDENT71,2
3,STUDENT71,2
4,STUDENT71,4
5,STUDENT71,2
6,STUDENT71,1
7,STUDENT71,1
8,STUDENT71,1
9,STUDENT71,1
10,STUDENT71,1
11,STUDENT71,4
12,STUDENT71,3
13,STUDENT71,1
14,STUDENT71,2
15,STUDENT71,4
16,STUDENT71,2
17,STUDENT71,2
18,STUDENT71,2
19,STUDENT71,2
20,STUDENT71,1
21,STUDENT71,1
22,STUDENT71,1
23,STUDENT71,1
24,STUDENT71,1
25,STUDENT71,2
26,STUDENT71,2
27,STUDENT71,3
28,STUDENT71,1
29,STUDENT71,5
30,STUDENT71,4
COURSE ID,STUDENT71,3
GRADE,STUDENT71,7
1,STUDENT72,1
2,STUDENT72,1
3,STUDENT72,3
4,STUDENT72,4
5,STUDENT72,2
6,STUDENT72,2
7,STUDENT72,2
8,STUDENT72,1
9,STUDENT72,1
10,STUDENT72,3
11,STUDENT72,1
12,STUDENT72,3
13,STUDENT72,5
14,STUDENT72,1
15,STUDENT72,2
16,STUDENT72,4
17,STUDENT72,2
18,STUDENT72,2
19,STUDENT72,1
20,STUDENT72,1
21,STUDENT72,1
22,STUDENT72,1
23,STUDENT72,1
24,STUDENT72,1
25,STUDENT72,2
26,STUDENT72,3
27,STUDENT72,3
28,STUDENT72,3
29,STUDENT72,2
30,STUDENT72,2
COURSE ID,STUDENT72,3
GRADE,STUDENT72,6
1,STUDENT73,1
2,STUDENT73,2
3,STUDENT73,2
4,STUDENT73,3
5,STUDENT73,2
6,STUDENT73,1
7,STUDENT73,1
8,STUDENT73,1
9,STUDENT73,1
10,STUDENT73,2
11,STUDENT73,1
12,STUDENT73,1
13,STUDENT73,2
14,STUDENT73,1
15,STUDENT73,2
16,STUDENT73,3
17,STUDENT73,2
18,STUDENT73,3
19,STUDENT73,3
20,STUDENT73,1
21,STUDENT73,1
22,STUDENT73,1
23,STUDENT73,1
24,STUDENT73,1
25,STUDENT73,2
26,STUDENT73,2
27,STUDENT73,3
28,STUDENT73,2
29,STUDENT73,3
30,STUDENT73,3
COURSE ID,STUDENT73,3
GRADE,STUDENT73,6
1,STUDENT74,2
2,STUDENT74,2
3,STUDENT74,2
4,STUDENT74,4
5,STUDENT74,2
6,STUDENT74,2
7,STUDENT74,2
8,STUDENT74,1
9,STUDENT74,1
10,STUDENT74,2
11,STUDENT74,1
12,STUDENT74,3
13,STUDENT74,4
14,STUDENT74,1
15,STUDENT74,2
16,STUDENT74,4
17,STUDENT74,3
18,STUDENT74,1
19,STUDENT74,1
20,STUDENT74,2
21,STUDENT74,1
22,STUDENT74,1
23,STUDENT74,1
24,STUDENT74,2
25,STUDENT74,3
26,STUDENT74,2
27,STUDENT74,3
28,STUDENT74,1
29,STUDENT74,5
30,STUDENT74,3
COURSE ID,STUDENT74,3
GRADE,STUDENT74,6
1,STUDENT75,1
2,STUDENT75,2
3,STUDENT75,2
4,STUDENT75,4
5,STUDENT75,2
6,STUDENT75,2
7,STUDENT75,2
8,STUDENT75,1
9,STUDENT75,1
10,STUDENT75,1
11,STUDENT75,2
12,STUDENT75,2
13,STUDENT75,3
14,STUDENT75,1
15,STUDENT75,2
16,STUDENT75,1
17,STUDENT75,2
18,STUDENT75,2
19,STUDENT75,2
20,STUDENT75,2
21,STUDENT75,1
22,STUDENT75,1
23,STUDENT75,2
24,STUDENT75,1
25,STUDENT75,3
26,STUDENT75,2
27,STUDENT75,3
28,STUDENT75,2
29,STUDENT75,3
30,STUDENT75,3
COURSE ID,STUDENT75,3
GRADE,STUDENT75,7
1,STUDENT76,1
2,STUDENT76,2
3,STUDENT76,2
4,STUDENT76,4
5,STUDENT76,2
6,STUDENT76,1
7,STUDENT76,2
8,STUDENT76,1
9,STUDENT76,1
10,STUDENT76,3
11,STUDENT76,1
12,STUDENT76,5
13,STUDENT76,4
14,STUDENT76,1
15,STUDENT76,2
16,STUDENT76,2
17,STUDENT76,3
18,STUDENT76,3
19,STUDENT76,1
20,STUDENT76,1
21,STUDENT76,1
22,STUDENT76,1
23,STUDENT76,1
24,STUDENT76,1
25,STUDENT76,2
26,STUDENT76,2
27,STUDENT76,2
28,STUDENT76,2
29,STUDENT76,4
30,STUDENT76,1
COURSE ID,STUDENT76,3
GRADE,STUDENT76,7
1,STUDENT77,2
2,STUDENT77,2
3,STUDENT77,1
4,STUDENT77,2
5,STUDENT77,2
6,STUDENT77,1
7,STUDENT77,2
8,STUDENT77,2
9,STUDENT77,1
10,STUDENT77,1
11,STUDENT77,5
12,STUDENT77,4
13,STUDENT77,3
14,STUDENT77,1
15,STUDENT77,4
16,STUDENT77,3
17,STUDENT77,2
18,STUDENT77,3
19,STUDENT77,2
20,STUDENT77,1
21,STUDENT77,1
22,STUDENT77,1
23,STUDENT77,3
24,STUDENT77,2
25,STUDENT77,2
26,STUDENT77,1
27,STUDENT77,2
28,STUDENT77,3
29,STUDENT77,2
30,STUDENT77,2
COURSE ID,STUDENT77,4
GRADE,STUDENT77,4
1,STUDENT78,1
2,STUDENT78,2
3,STUDENT78,1
4,STUDENT78,2
5,STUDENT78,2
6,STUDENT78,2
7,STUDENT78,1
8,STUDENT78,2
9,STUDENT78,2
10,STUDENT78,2
11,STUDENT78,6
12,STUDENT78,5
13,STUDENT78,2
14,STUDENT78,1
15,STUDENT78,4
16,STUDENT78,2
17,STUDENT78,2
18,STUDENT78,2
19,STUDENT78,2
20,STUDENT78,2
21,STUDENT78,1
22,STUDENT78,2
23,STUDENT78,3
24,STUDENT78,1
25,STUDENT78,2
26,STUDENT78,2
27,STUDENT78,2
28,STUDENT78,2
29,STUDENT78,1
30,STUDENT78,1
COURSE ID,STUDENT78,4
GRADE,STUDENT78,7
1,STUDENT79,2
2,STUDENT79,1
3,STUDENT79,2
4,STUDENT79,4
5,STUDENT79,1
6,STUDENT79,1
7,STUDENT79,2
8,STUDENT79,1
9,STUDENT79,1
10,STUDENT79,1
11,STUDENT79,1
12,STUDENT79,3
13,STUDENT79,4
14,STUDENT79,1
15,STUDENT79,2
16,STUDENT79,4
17,STUDENT79,2
18,STUDENT79,3
19,STUDENT79,3
20,STUDENT79,1
21,STUDENT79,1
22,STUDENT79,2
23,STUDENT79,1
24,STUDENT79,1
25,STUDENT79,3
26,STUDENT79,3
27,STUDENT79,2
28,STUDENT79,2
29,STUDENT79,2
30,STUDENT79,2
COURSE ID,STUDENT79,4
GRADE,STUDENT79,4
1,STUDENT80,2
2,STUDENT80,2
3,STUDENT80,2
4,STUDENT80,4
5,STUDENT80,2
6,STUDENT80,2
7,STUDENT80,2
8,STUDENT80,1
9,STUDENT80,1
10,STUDENT80,1
11,STUDENT80,1
12,STUDENT80,3
13,STUDENT80,4
14,STUDENT80,1
15,STUDENT80,2
16,STUDENT80,4
17,STUDENT80,1
18,STUDENT80,2
19,STUDENT80,2
20,STUDENT80,1
21,STUDENT80,3
22,STUDENT80,1
23,STUDENT80,1
24,STUDENT80,1
25,STUDENT80,3
26,STUDENT80,3
27,STUDENT80,3
28,STUDENT80,2
29,STUDENT80,4
30,STUDENT80,4
COURSE ID,STUDENT80,4
GRADE,STUDENT80,3
1,STUDENT81,2
2,STUDENT81,1
3,STUDENT81,2
4,STUDENT81,3
5,STUDENT81,1
6,STUDENT81,2
7,STUDENT81,1
8,STUDENT81,1
9,STUDENT81,2
10,STUDENT81,1
11,STUDENT81,1
12,STUDENT81,1
13,STUDENT81,2
14,STUDENT81,1
15,STUDENT81,2
16,STUDENT81,3
17,STUDENT81,1
18,STUDENT81,1
19,STUDENT81,1
20,STUDENT81,1
21,STUDENT81,3
22,STUDENT81,1
23,STUDENT81,1
24,STUDENT81,1
25,STUDENT81,2
26,STUDENT81,3
27,STUDENT81,1
28,STUDENT81,2
29,STUDENT81,4
30,STUDENT81,2
COURSE ID,STUDENT81,5
GRADE,STUDENT81,4
1,STUDENT82,3
2,STUDENT82,2
3,STUDENT82,2
4,STUDENT82,3
5,STUDENT82,1
6,STUDENT82,2
7,STUDENT82,2
8,STUDENT82,1
9,STUDENT82,1
10,STUDENT82,2
11,STUDENT82,1
12,STUDENT82,2
13,STUDENT82,4
14,STUDENT82,1
15,STUDENT82,2
16,STUDENT82,3
17,STUDENT82,2
18,STUDENT82,2
19,STUDENT82,2
20,STUDENT82,1
21,STUDENT82,1
22,STUDENT82,1
23,STUDENT82,1
24,STUDENT82,1
25,STUDENT82,3
26,STUDENT82,3
27,STUDENT82,2
28,STUDENT82,3
29,STUDENT82,5
30,STUDENT82,4
COURSE ID,STUDENT82,5
GRADE,STUDENT82,3
1,STUDENT83,2
2,STUDENT83,2
3,STUDENT83,2
4,STUDENT83,4
5,STUDENT83,1
6,STUDENT83,2
7,STUDENT83,1
8,STUDENT83,2
9,STUDENT83,1
10,STUDENT83,1
11,STUDENT83,3
12,STUDENT83,1
13,STUDENT83,3
14,STUDENT83,1
15,STUDENT83,2
16,STUDENT83,3
17,STUDENT83,2
18,STUDENT83,2
19,STUDENT83,3
20,STUDENT83,1
21,STUDENT83,1
22,STUDENT83,1
23,STUDENT83,1
24,STUDENT83,1
25,STUDENT83,3
26,STUDENT83,3
27,STUDENT83,2
28,STUDENT83,3
29,STUDENT83,4
30,STUDENT83,3
COURSE ID,STUDENT83,5
GRADE,STUDENT83,7
1,STUDENT84,2
2,STUDENT84,2
3,STUDENT84,3
4,STUDENT84,3
5,STUDENT84,2
6,STUDENT84,2
7,STUDENT84,2
8,STUDENT84,3
9,STUDENT84,1
10,STUDENT84,1
11,STUDENT84,4
12,STUDENT84,4
13,STUDENT84,2
14,STUDENT84,1
15,STUDENT84,1
16,STUDENT84,2
17,STUDENT84,1
18,STUDENT84,2
19,STUDENT84,2
20,STUDENT84,1
21,STUDENT84,1
22,STUDENT84,1
23,STUDENT84,3
24,STUDENT84,1
25,STUDENT84,3
26,STUDENT84,2
27,STUDENT84,3
28,STUDENT84,3
29,STUDENT84,1
30,STUDENT84,2
COURSE ID,STUDENT84,5
GRADE,STUDENT84,7
1,STUDENT85,3
2,STUDENT85,2
3,STUDENT85,3
4,STUDENT85,3
5,STUDENT85,1
6,STUDENT85,2
7,STUDENT85,1
8,STUDENT85,3
9,STUDENT85,1
10,STUDENT85,2
11,STUDENT85,4
12,STUDENT85,2
13,STUDENT85,5
14,STUDENT85,3
15,STUDENT85,2
16,STUDENT85,1
17,STUDENT85,1
18,STUDENT85,2
19,STUDENT85,2
20,STUDENT85,1
21,STUDENT85,1
22,STUDENT85,1
23,STUDENT85,3
24,STUDENT85,3
25,STUDENT85,3
26,STUDENT85,3
27,STUDENT85,3
28,STUDENT85,3
29,STUDENT85,5
30,STUDENT85,4
COURSE ID,STUDENT85,5
GRADE,STUDENT85,7
1,STUDENT86,1
2,STUDENT86,2
3,STUDENT86,2
4,STUDENT86,5
5,STUDENT86,2
6,STUDENT86,2
7,STUDENT86,2
8,STUDENT86,2
9,STUDENT86,1
10,STUDENT86,1
11,STUDENT86,1
12,STUDENT86,1
13,STUDENT86,5
14,STUDENT86,1
15,STUDENT86,2
16,STUDENT86,1
17,STUDENT86,1
18,STUDENT86,1
19,STUDENT86,1
20,STUDENT86,1
21,STUDENT86,1
22,STUDENT86,1
23,STUDENT86,1
24,STUDENT86,1
25,STUDENT86,3
26,STUDENT86,2
27,STUDENT86,3
28,STUDENT86,3
29,STUDENT86,4
30,STUDENT86,3
COURSE ID,STUDENT86,5
GRADE,STUDENT86,4
1,STUDENT87,2
2,STUDENT87,2
3,STUDENT87,2
4,STUDENT87,4
5,STUDENT87,2
6,STUDENT87,2
7,STUDENT87,2
8,STUDENT87,1
9,STUDENT87,4
10,STUDENT87,2
11,STUDENT87,3
12,STUDENT87,3
13,STUDENT87,2
14,STUDENT87,1
15,STUDENT87,4
16,STUDENT87,1
17,STUDENT87,2
18,STUDENT87,2
19,STUDENT87,2
20,STUDENT87,1
21,STUDENT87,1
22,STUDENT87,1
23,STUDENT87,1
24,STUDENT87,1
25,STUDENT87,3
26,STUDENT87,2
27,STUDENT87,3
28,STUDENT87,2
29,STUDENT87,5
30,STUDENT87,4
COURSE ID,STUDENT87,5
GRADE,STUDENT87,5
1,STUDENT88,2
2,STUDENT88,2
3,STUDENT88,2
4,STUDENT88,3
5,STUDENT88,2
6,STUDENT88,1
7,STUDENT88,2
8,STUDENT88,2
9,STUDENT88,1
10,STUDENT88,1
11,STUDENT88,3
12,STUDENT88,4
13,STUDENT88,2
14,STUDENT88,1
15,STUDENT88,1
16,STUDENT88,1
17,STUDENT88,2
18,STUDENT88,2
19,STUDENT88,2
20,STUDENT88,1
21,STUDENT88,1
22,STUDENT88,1
23,STUDENT88,2
24,STUDENT88,1
25,STUDENT88,2
26,STUDENT88,2
27,STUDENT88,2
28,STUDENT88,2
29,STUDENT88,1
30,STUDENT88,1
COURSE ID,STUDENT88,6
GRADE,STUDENT88,6
1,STUDENT89,1
2,STUDENT89,2
3,STUDENT89,2
4,STUDENT89,4
5,STUDENT89,2
6,STUDENT89,1
7,STUDENT89,1
8,STUDENT89,1
9,STUDENT89,1
10,STUDENT89,1
11,STUDENT89,4
12,STUDENT89,4
13,STUDENT89,1
14,STUDENT89,1
15,STUDENT89,3
16,STUDENT89,2
17,STUDENT89,2
18,STUDENT89,2
19,STUDENT89,2
20,STUDENT89,1
21,STUDENT89,1
22,STUDENT89,1
23,STUDENT89,1
24,STUDENT89,2
25,STUDENT89,3
26,STUDENT89,1
27,STUDENT89,2
28,STUDENT89,3
29,STUDENT89,5
30,STUDENT89,3
COURSE ID,STUDENT89,6
GRADE,STUDENT89,6
1,STUDENT90,2
2,STUDENT90,2
3,STUDENT90,2
4,STUDENT90,3
5,STUDENT90,2
6,STUDENT90,2
7,STUDENT90,2
8,STUDENT90,1
9,STUDENT90,1
10,STUDENT90,1
11,STUDENT90,3
12,STUDENT90,5
13,STUDENT90,3
14,STUDENT90,1
15,STUDENT90,2
16,STUDENT90,2
17,STUDENT90,2
18,STUDENT90,2
19,STUDENT90,2
20,STUDENT90,1
21,STUDENT90,1
22,STUDENT90,2
23,STUDENT90,1
24,STUDENT90,1
25,STUDENT90,3
26,STUDENT90,1
27,STUDENT90,3
28,STUDENT90,3
29,STUDENT90,3
30,STUDENT90,2
COURSE ID,STUDENT90,6
GRADE,STUDENT90,6
1,STUDENT91,2
2,STUDENT91,1
3,STUDENT91,2
4,STUDENT91,3
5,STUDENT91,2
6,STUDENT91,1
7,STUDENT91,1
8,STUDENT91,1
9,STUDENT91,2
10,STUDENT91,3
11,STUDENT91,3
12,STUDENT91,3
13,STUDENT91,1
14,STUDENT91,1
15,STUDENT91,4
16,STUDENT91,2
17,STUDENT91,2
18,STUDENT91,2
19,STUDENT91,2
20,STUDENT91,1
21,STUDENT91,1
22,STUDENT91,1
23,STUDENT91,1
24,STUDENT91,1
25,STUDENT91,2
26,STUDENT91,3
27,STUDENT91,2
28,STUDENT91,3
29,STUDENT91,4
30,STUDENT91,2
COURSE ID,STUDENT91,6
GRADE,STUDENT91,6
1,STUDENT92,2
2,STUDENT92,2
3,STUDENT92,2
4,STUDENT92,5
5,STUDENT92,1
6,STUDENT92,1
7,STUDENT92,1
8,STUDENT92,1
9,STUDENT92,1
10,STUDENT92,2
11,STUDENT92,4
12,STUDENT92,1
13,STUDENT92,5
14,STUDENT92,1
15,STUDENT92,2
16,STUDENT92,3
17,STUDENT92,2
18,STUDENT92,2
19,STUDENT92,2
20,STUDENT92,1
21,STUDENT92,1
22,STUDENT92,1
23,STUDENT92,1
24,STUDENT92,1
25,STUDENT92,2
26,STUDENT92,3
27,STUDENT92,3
28,STUDENT92,2
29,STUDENT92,5
30,STUDENT92,4
COURSE ID,STUDENT92,6
GRADE,STUDENT92,6
1,STUDENT93,1
2,STUDENT93,2
3,STUDENT93,2
4,STUDENT93,3
5,STUDENT93,2
6,STUDENT93,2
7,STUDENT93,2
8,STUDENT93,1
9,STUDENT93,1
10,STUDENT93,1
11,STUDENT93,3
12,STUDENT93,4
13,STUDENT93,4
14,STUDENT93,1
15,STUDENT93,3
16,STUDENT93,2
17,STUDENT93,3
18,STUDENT93,2
19,STUDENT93,2
20,STUDENT93,1
21,STUDENT93,1
22,STUDENT93,1
23,STUDENT93,1
24,STUDENT93,1
25,STUDENT93,3
26,STUDENT93,2
27,STUDENT93,3
28,STUDENT93,3
29,STUDENT93,2
30,STUDENT93,2
COURSE ID,STUDENT93,6
GRADE,STUDENT93,7
1,STUDENT94,1
2,STUDENT94,2
3,STUDENT94,2
4,STUDENT94,1
5,STUDENT94,1
6,STUDENT94,2
7,STUDENT94,1
8,STUDENT94,1
9,STUDENT94,1
10,STUDENT94,2
11,STUDENT94,1
12,STUDENT94,2
13,STUDENT94,4
14,STUDENT94,1
15,STUDENT94,2
16,STUDENT94,3
17,STUDENT94,5
18,STUDENT94,2
19,STUDENT94,1
20,STUDENT94,1
21,STUDENT94,1
22,STUDENT94,1
23,STUDENT94,1
24,STUDENT94,1
25,STUDENT94,3
26,STUDENT94,3
27,STUDENT94,3
28,STUDENT94,2
29,STUDENT94,2
30,STUDENT94,2
COURSE ID,STUDENT94,6
GRADE,STUDENT94,4
1,STUDENT95,2
2,STUDENT95,2
3,STUDENT95,2
4,STUDENT95,3
5,STUDENT95,2
6,STUDENT95,2
7,STUDENT95,1
8,STUDENT95,1
9,STUDENT95,1
10,STUDENT95,1
11,STUDENT95,3
12,STUDENT95,2
13,STUDENT95,5
14,STUDENT95,1
15,STUDENT95,2
16,STUDENT95,5
17,STUDENT95,2
18,STUDENT95,2
19,STUDENT95,3
20,STUDENT95,1
21,STUDENT95,1
22,STUDENT95,1
23,STUDENT95,1
24,STUDENT95,1
25,STUDENT95,3
26,STUDENT95,2
27,STUDENT95,2
28,STUDENT95,3
29,STUDENT95,5
30,STUDENT95,4
COURSE ID,STUDENT95,6
GRADE,STUDENT95,6
1,STUDENT96,1
2,STUDENT96,2
3,STUDENT96,3
4,STUDENT96,5
5,STUDENT96,1
6,STUDENT96,1
7,STUDENT96,1
8,STUDENT96,1
9,STUDENT96,2
10,STUDENT96,3
11,STUDENT96,3
12,STUDENT96,4
13,STUDENT96,1
14,STUDENT96,1
15,STUDENT96,2
16,STUDENT96,1
17,STUDENT96,2
18,STUDENT96,2
19,STUDENT96,3
20,STUDENT96,1
21,STUDENT96,1
22,STUDENT96,1
23,STUDENT96,1
24,STUDENT96,1
25,STUDENT96,3
26,STUDENT96,2
27,STUDENT96,2
28,STUDENT96,1
29,STUDENT96,4
30,STUDENT96,3
COURSE ID,STUDENT96,7
GRADE,STUDENT96,5
1,STUDENT97,1
2,STUDENT97,2
3,STUDENT97,2
4,STUDENT97,4
5,STUDENT97,2
6,STUDENT97,1
7,STUDENT97,1
8,STUDENT97,1
9,STUDENT97,2
10,STUDENT97,3
11,STUDENT97,2
12,STUDENT97,2
13,STUDENT97,3
14,STUDENT97,1
15,STUDENT97,4
16,STUDENT97,2
17,STUDENT97,2
18,STUDENT97,3
19,STUDENT97,2
20,STUDENT97,1
21,STUDENT97,1
22,STUDENT97,1
23,STUDENT97,1
24,STUDENT97,1
25,STUDENT97,3
26,STUDENT97,2
27,STUDENT97,3
28,STUDENT97,2
29,STUDENT97,2
30,STUDENT97,3
COURSE ID,STUDENT97,7
GRADE,STUDENT97,7
1,STUDENT98,1
2,STUDENT98,2
3,STUDENT98,2
4,STUDENT98,4
5,STUDENT98,1
6,STUDENT98,2
7,STUDENT98,2
8,STUDENT98,1
9,STUDENT98,1
10,STUDENT98,3
11,STUDENT98,3
12,STUDENT98,3
13,STUDENT98,4
14,STUDENT98,1
15,STUDENT98,2
16,STUDENT98,3
17,STUDENT98,2
18,STUDENT98,2
19,STUDENT98,2
20,STUDENT98,1
21,STUDENT98,1
22,STUDENT98,1
23,STUDENT98,1
24,STUDENT98,1
25,STUDENT98,3
26,STUDENT98,2
27,STUDENT98,2
28,STUDENT98,1
29,STUDENT98,3
30,STUDENT98,3
COURSE ID,STUDENT98,7
GRADE,STUDENT98,6
1,STUDENT99,1
2,STUDENT99,2
3,STUDENT99,2
4,STUDENT99,4
5,STUDENT99,2
6,STUDENT99,1
7,STUDENT99,2
8,STUDENT99,1
9,STUDENT99,4
10,STUDENT99,2
11,STUDENT99,2
12,STUDENT99,4
13,STUDENT99,2
14,STUDENT99,1
15,STUDENT99,2
16,STUDENT99,5
17,STUDENT99,2
18,STUDENT99,3
19,STUDENT99,2
20,STUDENT99,1
21,STUDENT99,1
22,STUDENT99,1
23,STUDENT99,1
24,STUDENT99,1
25,STUDENT99,3
26,STUDENT99,1
27,STUDENT99,2
28,STUDENT99,1
29,STUDENT99,4
30,STUDENT99,4
COURSE ID,STUDENT99,7
GRADE,STUDENT99,7
1,STUDENT100,2
2,STUDENT100,2
3,STUDENT100,2
4,STUDENT100,3
5,STUDENT100,2
6,STUDENT100,2
7,STUDENT100,2
8,STUDENT100,1
9,STUDENT100,4
10,STUDENT100,2
11,STUDENT100,3
12,STUDENT100,4
13,STUDENT100,2
14,STUDENT100,1
15,STUDENT100,2
16,STUDENT100,1
17,STUDENT100,3
18,STUDENT100,2
19,STUDENT100,2
20,STUDENT100,1
21,STUDENT100,1
22,STUDENT100,1
23,STUDENT100,1
24,STUDENT100,1
25,STUDENT100,3
26,STUDENT100,2
27,STUDENT100,3
28,STUDENT100,2
29,STUDENT100,2
30,STUDENT100,2
COURSE ID,STUDENT100,7
GRADE,STUDENT100,7
1,STUDENT101,1
2,STUDENT101,2
3,STUDENT101,2
4,STUDENT101,4
5,STUDENT101,2
6,STUDENT101,2
7,STUDENT101,2
8,STUDENT101,1
9,STUDENT101,2
10,STUDENT101,3
11,STUDENT101,4
12,STUDENT101,1
13,STUDENT101,2
14,STUDENT101,1
15,STUDENT101,3
16,STUDENT101,3
17,STUDENT101,2
18,STUDENT101,2
19,STUDENT101,2
20,STUDENT101,1
21,STUDENT101,1
22,STUDENT101,1
23,STUDENT101,1
24,STUDENT101,1
25,STUDENT101,2
26,STUDENT101,2
27,STUDENT101,2
28,STUDENT101,1
29,STUDENT101,3
30,STUDENT101,3
COURSE ID,STUDENT101,7
GRADE,STUDENT101,6
1,STUDENT102,1
2,STUDENT102,2
3,STUDENT102,2
4,STUDENT102,4
5,STUDENT102,2
6,STUDENT102,2
7,STUDENT102,1
8,STUDENT102,2
9,STUDENT102,1
10,STUDENT102,3
11,STUDENT102,2
12,STUDENT102,3
13,STUDENT102,1
14,STUDENT102,1
15,STUDENT102,2
16,STUDENT102,4
17,STUDENT102,2
18,STUDENT102,2
19,STUDENT102,2
20,STUDENT102,1
21,STUDENT102,1
22,STUDENT102,1
23,STUDENT102,1
24,STUDENT102,1
25,STUDENT102,3
26,STUDENT102,3
27,STUDENT102,2
28,STUDENT102,1
29,STUDENT102,2
30,STUDENT102,3
COURSE ID,STUDENT102,7
GRADE,STUDENT102,7
1,STUDENT103,1
2,STUDENT103,2
3,STUDENT103,2
4,STUDENT103,3
5,STUDENT103,2
6,STUDENT103,2
7,STUDENT103,1
8,STUDENT103,1
9,STUDENT103,1
10,STUDENT103,2
11,STUDENT103,3
12,STUDENT103,1
13,STUDENT103,1
14,STUDENT103,2
15,STUDENT103,4
16,STUDENT103,4
17,STUDENT103,2
18,STUDENT103,2
19,STUDENT103,2
20,STUDENT103,2
21,STUDENT103,1
22,STUDENT103,1
23,STUDENT103,1
24,STUDENT103,1
25,STUDENT103,3
26,STUDENT103,1
27,STUDENT103,2
28,STUDENT103,1
29,STUDENT103,3
30,STUDENT103,4
COURSE ID,STUDENT103,7
GRADE,STUDENT103,7
1,STUDENT104,1
2,STUDENT104,2
3,STUDENT104,1
4,STUDENT104,4
5,STUDENT104,2
6,STUDENT104,2
7,STUDENT104,1
8,STUDENT104,5
9,STUDENT104,1
10,STUDENT104,2
11,STUDENT104,1
12,STUDENT104,3
13,STUDENT104,4
14,STUDENT104,1
15,STUDENT104,2
16,STUDENT104,1
17,STUDENT104,2
18,STUDENT104,3
19,STUDENT104,2
20,STUDENT104,1
21,STUDENT104,1
22,STUDENT104,1
23,STUDENT104,1
24,STUDENT104,1
25,STUDENT104,2
26,STUDENT104,2
27,STUDENT104,3
28,STUDENT104,2
29,STUDENT104,4
30,STUDENT104,4
COURSE ID,STUDENT104,7
GRADE,STUDENT104,7
1,STUDENT105,1
2,STUDENT105,1
3,STUDENT105,2
4,STUDENT105,3
5,STUDENT105,2
6,STUDENT105,2
7,STUDENT105,2
8,STUDENT105,1
9,STUDENT105,2
10,STUDENT105,2
11,STUDENT105,4
12,STUDENT105,4
13,STUDENT105,1
14,STUDENT105,1
15,STUDENT105,3
16,STUDENT105,2
17,STUDENT105,2
18,STUDENT105,2
19,STUDENT105,2
20,STUDENT105,1
21,STUDENT105,1
22,STUDENT105,1
23,STUDENT105,1
24,STUDENT105,1
25,STUDENT105,2
26,STUDENT105,3
27,STUDENT105,2
28,STUDENT105,2
29,STUDENT105,1
30,STUDENT105,1
COURSE ID,STUDENT105,7
GRADE,STUDENT105,3
1,STUDENT106,1
2,STUDENT106,2
3,STUDENT106,2
4,STUDENT106,4
5,STUDENT106,1
6,STUDENT106,1
7,STUDENT106,2
8,STUDENT106,1
9,STUDENT106,1
10,STUDENT106,1
11,STUDENT106,2
12,STUDENT106,2
13,STUDENT106,4
14,STUDENT106,1
15,STUDENT106,2
16,STUDENT106,4
17,STUDENT106,2
18,STUDENT106,3
19,STUDENT106,2
20,STUDENT106,1
21,STUDENT106,1
22,STUDENT106,2
23,STUDENT106,1
24,STUDENT106,2
25,STUDENT106,2
26,STUDENT106,1
27,STUDENT106,3
28,STUDENT106,1
29,STUDENT106,3
30,STUDENT106,3
COURSE ID,STUDENT106,7
GRADE,STUDENT106,7
1,STUDENT107,1
2,STUDENT107,2
3,STUDENT107,2
4,STUDENT107,4
5,STUDENT107,2
6,STUDENT107,1
7,STUDENT107,2
8,STUDENT107,1
9,STUDENT107,1
10,STUDENT107,2
11,STUDENT107,2
12,STUDENT107,2
13,STUDENT107,1
14,STUDENT107,1
15,STUDENT107,2
16,STUDENT107,1
17,STUDENT107,3
18,STUDENT107,2
19,STUDENT107,2
20,STUDENT107,1
21,STUDENT107,1
22,STUDENT107,1
23,STUDENT107,3
24,STUDENT107,2
25,STUDENT107,2
26,STUDENT107,2
27,STUDENT107,2
28,STUDENT107,1
29,STUDENT107,4
30,STUDENT107,4
COURSE ID,STUDENT107,7
GRADE,STUDENT107,7
1,STUDENT108,1
2,STUDENT108,1
3,STUDENT108,2
4,STUDENT108,4
5,STUDENT108,1
6,STUDENT108,1
7,STUDENT108,2
8,STUDENT108,1
9,STUDENT108,1
10,STUDENT108,3
11,STUDENT108,1
12,STUDENT108,3
13,STUDENT108,5
14,STUDENT108,1
15,STUDENT108,2
16,STUDENT108,4
17,STUDENT108,2
18,STUDENT108,2
19,STUDENT108,2
20,STUDENT108,1
21,STUDENT108,1
22,STUDENT108,1
23,STUDENT108,2
24,STUDENT108,1
25,STUDENT108,2
26,STUDENT108,3
27,STUDENT108,2
28,STUDENT108,1
29,STUDENT108,4
30,STUDENT108,2
COURSE ID,STUDENT108,7
GRADE,STUDENT108,6
1,STUDENT109,2
2,STUDENT109,1
3,STUDENT109,1
4,STUDENT109,5
5,STUDENT109,2
6,STUDENT109,1
7,STUDENT109,2
8,STUDENT109,2
9,STUDENT109,2
10,STUDENT109,1
11,STUDENT109,1
12,STUDENT109,2
13,STUDENT109,1
14,STUDENT109,3
15,STUDENT109,1
16,STUDENT109,5
17,STUDENT109,3
18,STUDENT109,3
19,STUDENT109,2
20,STUDENT109,1
21,STUDENT109,1
22,STUDENT109,2
23,STUDENT109,1
24,STUDENT109,1
25,STUDENT109,2
26,STUDENT109,3
27,STUDENT109,1
28,STUDENT109,2
29,STUDENT109,3
30,STUDENT109,3
COURSE ID,STUDENT109,7
GRADE,STUDENT109,6
1,STUDENT110,1
2,STUDENT110,2
3,STUDENT110,1
4,STUDENT110,3
5,STUDENT110,2
6,STUDENT110,1
7,STUDENT110,1
8,STUDENT110,1
9,STUDENT110,2
10,STUDENT110,2
11,STUDENT110,4
12,STUDENT110,4
13,STUDENT110,2
14,STUDENT110,3
15,STUDENT110,2
16,STUDENT110,5
17,STUDENT110,3
18,STUDENT110,2
19,STUDENT110,2
20,STUDENT110,1
21,STUDENT110,1
22,STUDENT110,1
23,STUDENT110,2
24,STUDENT110,2
25,STUDENT110,3
26,STUDENT110,2
27,STUDENT110,3
28,STUDENT110,1
29,STUDENT110,4
30,STUDENT110,4
COURSE ID,STUDENT110,7
GRADE,STUDENT110,7
1,STUDENT111,2
2,STUDENT111,2
3,STUDENT111,2
4,STUDENT111,3
5,STUDENT111,2
6,STUDENT111,2
7,STUDENT111,2
8,STUDENT111,2
9,STUDENT111,4
10,STUDENT111,2
11,STUDENT111,4
12,STUDENT111,4
13,STUDENT111,2
14,STUDENT111,2
15,STUDENT111,1
16,STUDENT111,5
17,STUDENT111,2
18,STUDENT111,2
19,STUDENT111,2
20,STUDENT111,1
21,STUDENT111,1
22,STUDENT111,2
23,STUDENT111,1
24,STUDENT111,1
25,STUDENT111,2
26,STUDENT111,2
27,STUDENT111,2
28,STUDENT111,1
29,STUDENT111,2
30,STUDENT111,3
COURSE ID,STUDENT111,8
GRADE,STUDENT111,2
1,STUDENT112,1
2,STUDENT112,1
3,STUDENT112,1
4,STUDENT112,5
5,STUDENT112,2
6,STUDENT112,1
7,STUDENT112,2
8,STUDENT112,1
9,STUDENT112,1
10,STUDENT112,2
11,STUDENT112,3
12,STUDENT112,3
13,STUDENT112,1
14,STUDENT112,1
15,STUDENT112,3
16,STUDENT112,2
17,STUDENT112,1
18,STUDENT112,2
19,STUDENT112,2
20,STUDENT112,2
21,STUDENT112,2
22,STUDENT112,1
23,STUDENT112,1
24,STUDENT112,1
25,STUDENT112,3
26,STUDENT112,1
27,STUDENT112,3
28,STUDENT112,3
29,STUDENT112,4
30,STUDENT112,3
COURSE ID,STUDENT112,8
GRADE,STUDENT112,2
1,STUDENT113,2
2,STUDENT113,1
3,STUDENT113,3
4,STUDENT113,3
5,STUDENT113,1
6,STUDENT113,2
7,STUDENT113,2
8,STUDENT113,1
9,STUDENT113,3
10,STUDENT113,3
11,STUDENT113,1
12,STUDENT113,1
13,STUDENT113,2
14,STUDENT113,1
15,STUDENT113,2
16,STUDENT113,1
17,STUDENT113,1
18,STUDENT113,1
19,STUDENT113,1
20,STUDENT113,2
21,STUDENT113,3
22,STUDENT113,1
23,STUDENT113,2
24,STUDENT113,1
25,STUDENT113,3
26,STUDENT113,3
27,STUDENT113,3
28,STUDENT113,1
29,STUDENT113,4
30,STUDENT113,2
COURSE ID,STUDENT113,8
GRADE,STUDENT113,2
1,STUDENT114,2
2,STUDENT114,1
3,STUDENT114,3
4,STUDENT114,3
5,STUDENT114,2
6,STUDENT114,2
7,STUDENT114,2
8,STUDENT114,1
9,STUDENT114,4
10,STUDENT114,2
11,STUDENT114,4
12,STUDENT114,4
13,STUDENT114,1
14,STUDENT114,1
15,STUDENT114,3
16,STUDENT114,2
17,STUDENT114,2
18,STUDENT114,2
19,STUDENT114,3
20,STUDENT114,2
21,STUDENT114,3
22,STUDENT114,2
23,STUDENT114,2
24,STUDENT114,1
25,STUDENT114,2
26,STUDENT114,2
27,STUDENT114,1
28,STUDENT114,1
29,STUDENT114,1
30,STUDENT114,2
COURSE ID,STUDENT114,8
GRADE,STUDENT114,1
1,STUDENT115,2
2,STUDENT115,1
3,STUDENT115,2
4,STUDENT115,5
5,STUDENT115,1
6,STUDENT115,1
7,STUDENT115,2
8,STUDENT115,4
9,STUDENT115,1
10,STUDENT115,1
11,STUDENT115,1
12,STUDENT115,1
13,STUDENT115,1
14,STUDENT115,1
15,STUDENT115,2
16,STUDENT115,1
17,STUDENT115,2
18,STUDENT115,2
19,STUDENT115,2
20,STUDENT115,2
21,STUDENT115,2
22,STUDENT115,1
23,STUDENT115,1
24,STUDENT115,1
25,STUDENT115,2
26,STUDENT115,2
27,STUDENT115,1
28,STUDENT115,2
29,STUDENT115,1
30,STUDENT115,1
COURSE ID,STUDENT115,8
GRADE,STUDENT115,2
1,STUDENT116,2
2,STUDENT116,1
3,STUDENT116,2
4,STUDENT116,5
5,STUDENT116,1
6,STUDENT116,2
7,STUDENT116,1
8,STUDENT116,1
9,STUDENT116,1
10,STUDENT116,1
11,STUDENT116,1
12,STUDENT116,1
13,STUDENT116,2
14,STUDENT116,1
15,STUDENT116,2
16,STUDENT116,2
17,STUDENT116,3
18,STUDENT116,3
19,STUDENT116,2
20,STUDENT116,2
21,STUDENT116,3
22,STUDENT116,1
23,STUDENT116,2
24,STUDENT116,2
25,STUDENT116,3
26,STUDENT116,2
27,STUDENT116,3
28,STUDENT116,2
29,STUDENT116,2
30,STUDENT116,2
COURSE ID,STUDENT116,8
GRADE,STUDENT116,1
1,STUDENT117,2
2,STUDENT117,1
3,STUDENT117,2
4,STUDENT117,5
5,STUDENT117,2
6,STUDENT117,2
7,STUDENT117,2
8,STUDENT117,1
9,STUDENT117,1
10,STUDENT117,1
11,STUDENT117,1
12,STUDENT117,1
13,STUDENT117,5
14,STUDENT117,1
15,STUDENT117,2
16,STUDENT117,4
17,STUDENT117,3
18,STUDENT117,3
19,STUDENT117,3
20,STUDENT117,2
21,STUDENT117,1
22,STUDENT117,1
23,STUDENT117,1
24,STUDENT117,1
25,STUDENT117,3
26,STUDENT117,3
27,STUDENT117,3
28,STUDENT117,1
29,STUDENT117,2
30,STUDENT117,3
COURSE ID,STUDENT117,8
GRADE,STUDENT117,1
1,STUDENT118,3
2,STUDENT118,1
3,STUDENT118,1
4,STUDENT118,3
5,STUDENT118,2
6,STUDENT118,1
7,STUDENT118,2
8,STUDENT118,1
9,STUDENT118,1
10,STUDENT118,2
11,STUDENT118,4
12,STUDENT118,4
13,STUDENT118,1
14,STUDENT118,1
15,STUDENT118,1
16,STUDENT118,3
17,STUDENT118,2
18,STUDENT118,2
19,STUDENT118,3
20,STUDENT118,2
21,STUDENT118,1
22,STUDENT118,2
23,STUDENT118,1
24,STUDENT118,1
25,STUDENT118,2
26,STUDENT118,3
27,STUDENT118,2
28,STUDENT118,1
29,STUDENT118,2
30,STUDENT118,3
COURSE ID,STUDENT118,8
GRADE,STUDENT118,1
1,STUDENT119,1
2,STUDENT119,2
3,STUDENT119,2
4,STUDENT119,5
5,STUDENT119,2
6,STUDENT119,1
7,STUDENT119,1
8,STUDENT119,1
9,STUDENT119,4
10,STUDENT119,2
11,STUDENT119,1
12,STUDENT119,2
13,STUDENT119,3
14,STUDENT119,1
15,STUDENT119,4
16,STUDENT119,4
17,STUDENT119,1
18,STUDENT119,2
19,STUDENT119,2
20,STUDENT119,1
21,STUDENT119,1
22,STUDENT119,1
23,STUDENT119,3
24,STUDENT119,1
25,STUDENT119,3
26,STUDENT119,3
27,STUDENT119,2
28,STUDENT119,2
29,STUDENT119,3
30,STUDENT119,3
COURSE ID,STUDENT119,8
GRADE,STUDENT119,1
1,STUDENT120,2
2,STUDENT120,1
3,STUDENT120,2
4,STUDENT120,4
5,STUDENT120,2
6,STUDENT120,1
7,STUDENT120,2
8,STUDENT120,1
9,STUDENT120,1
10,STUDENT120,2
11,STUDENT120,3
12,STUDENT120,3
13,STUDENT120,2
14,STUDENT120,3
15,STUDENT120,2
16,STUDENT120,5
17,STUDENT120,5
18,STUDENT120,2
19,STUDENT120,2
20,STUDENT120,1
21,STUDENT120,1
22,STUDENT120,1
23,STUDENT120,1
24,STUDENT120,2
25,STUDENT120,2
26,STUDENT120,2
27,STUDENT120,3
28,STUDENT120,1
29,STUDENT120,3
30,STUDENT120,3
COURSE ID,STUDENT120,8
GRADE,STUDENT120,2
1,STUDENT121,2
2,STUDENT121,1
3,STUDENT121,1
4,STUDENT121,3
5,STUDENT121,1
6,STUDENT121,1
7,STUDENT121,1
8,STUDENT121,2
9,STUDENT121,2
10,STUDENT121,3
11,STUDENT121,3
12,STUDENT121,3
13,STUDENT121,2
14,STUDENT121,1
15,STUDENT121,3
16,STUDENT121,4
17,STUDENT121,1
18,STUDENT121,1
19,STUDENT121,1
20,STUDENT121,1
21,STUDENT121,1
22,STUDENT121,2
23,STUDENT121,2
24,STUDENT121,1
25,STUDENT121,3
26,STUDENT121,3
27,STUDENT121,3
28,STUDENT121,2
29,STUDENT121,2
30,STUDENT121,2
COURSE ID,STUDENT121,8
GRADE,STUDENT121,1
1,STUDENT122,2
2,STUDENT122,1
3,STUDENT122,2
4,STUDENT122,3
5,STUDENT122,1
6,STUDENT122,1
7,STUDENT122,1
8,STUDENT122,1
9,STUDENT122,2
10,STUDENT122,1
11,STUDENT122,1
12,STUDENT122,1
13,STUDENT122,5
14,STUDENT122,3
15,STUDENT122,2
16,STUDENT122,4
17,STUDENT122,5
18,STUDENT122,3
19,STUDENT122,3
20,STUDENT122,1
21,STUDENT122,3
22,STUDENT122,1
23,STUDENT122,2
24,STUDENT122,1
25,STUDENT122,1
26,STUDENT122,1
27,STUDENT122,1
28,STUDENT122,1
29,STUDENT122,1
30,STUDENT122,1
COURSE ID,STUDENT122,8
GRADE,STUDENT122,0
1,STUDENT123,1
2,STUDENT123,2
3,STUDENT123,2
4,STUDENT123,5
5,STUDENT123,2
6,STUDENT123,1
7,STUDENT123,2
8,STUDENT123,1
9,STUDENT123,1
10,STUDENT123,1
11,STUDENT123,3
12,STUDENT123,3
13,STUDENT123,2
14,STUDENT123,1
15,STUDENT123,2
16,STUDENT123,1
17,STUDENT123,2
18,STUDENT123,1
19,STUDENT123,2
20,STUDENT123,1
21,STUDENT123,2
22,STUDENT123,1
23,STUDENT123,2
24,STUDENT123,1
25,STUDENT123,3
26,STUDENT123,2
27,STUDENT123,2
28,STUDENT123,1
29,STUDENT123,4
30,STUDENT123,3
COURSE ID,STUDENT123,8
GRADE,STUDENT123,2
1,STUDENT124,2
2,STUDENT124,1
3,STUDENT124,3
4,STUDENT124,3
5,STUDENT124,2
6,STUDENT124,2
7,STUDENT124,2
8,STUDENT124,3
9,STUDENT124,1
10,STUDENT124,1
11,STUDENT124,3
12,STUDENT124,2
13,STUDENT124,4
14,STUDENT124,1
15,STUDENT124,1
16,STUDENT124,1
17,STUDENT124,2
18,STUDENT124,2
19,STUDENT124,3
20,STUDENT124,2
21,STUDENT124,1
22,STUDENT124,1
23,STUDENT124,1
24,STUDENT124,1
25,STUDENT124,3
26,STUDENT124,3
27,STUDENT124,2
28,STUDENT124,1
29,STUDENT124,1
30,STUDENT124,1
COURSE ID,STUDENT124,8
GRADE,STUDENT124,1
1,STUDENT125,1
2,STUDENT125,1
3,STUDENT125,2
4,STUDENT125,4
5,STUDENT125,1
6,STUDENT125,1
7,STUDENT125,1
8,STUDENT125,1
9,STUDENT125,1
10,STUDENT125,3
11,STUDENT125,2
12,STUDENT125,3
13,STUDENT125,2
14,STUDENT125,1
15,STUDENT125,4
16,STUDENT125,3
17,STUDENT125,4
18,STUDENT125,2
19,STUDENT125,2
20,STUDENT125,2
21,STUDENT125,1
22,STUDENT125,1
23,STUDENT125,2
24,STUDENT125,2
25,STUDENT125,3
26,STUDENT125,3
27,STUDENT125,2
28,STUDENT125,1
29,STUDENT125,3
30,STUDENT125,3
COURSE ID,STUDENT125,9
GRADE,STUDENT125,3
1,STUDENT126,1
2,STUDENT126,1
3,STUDENT126,2
4,STUDENT126,5
5,STUDENT126,1
6,STUDENT126,1
7,STUDENT126,2
8,STUDENT126,1
9,STUDENT126,1
10,STUDENT126,3
11,STUDENT126,1
12,STUDENT126,1
13,STUDENT126,5
14,STUDENT126,1
15,STUDENT126,2
16,STUDENT126,3
17,STUDENT126,3
18,STUDENT126,2
19,STUDENT126,3
20,STUDENT126,2
21,STUDENT126,1
22,STUDENT126,1
23,STUDENT126,1
24,STUDENT126,2
25,STUDENT126,3
26,STUDENT126,2
27,STUDENT126,3
28,STUDENT126,1
29,STUDENT126,1
30,STUDENT126,3
COURSE ID,STUDENT126,9
GRADE,STUDENT126,2
1,STUDENT127,1
2,STUDENT127,1
3,STUDENT127,1
4,STUDENT127,4
5,STUDENT127,1
6,STUDENT127,1
7,STUDENT127,1
8,STUDENT127,3
9,STUDENT127,2
10,STUDENT127,3
11,STUDENT127,4
12,STUDENT127,6
13,STUDENT127,2
14,STUDENT127,1
15,STUDENT127,4
16,STUDENT127,3
17,STUDENT127,4
18,STUDENT127,2
19,STUDENT127,3
20,STUDENT127,1
21,STUDENT127,1
22,STUDENT127,1
23,STUDENT127,2
24,STUDENT127,1
25,STUDENT127,3
26,STUDENT127,3
27,STUDENT127,3
28,STUDENT127,1
29,STUDENT127,2
30,STUDENT127,2
COURSE ID,STUDENT127,9
GRADE,STUDENT127,3
1,STUDENT128,1
2,STUDENT128,1
3,STUDENT128,2
4,STUDENT128,4
5,STUDENT128,2
6,STUDENT128,2
7,STUDENT128,2
8,STUDENT128,1
9,STUDENT128,4
10,STUDENT128,3
11,STUDENT128,3
12,STUDENT128,2
13,STUDENT128,2
14,STUDENT128,1
15,STUDENT128,3
16,STUDENT128,4
17,STUDENT128,2
18,STUDENT128,1
19,STUDENT128,1
20,STUDENT128,2
21,STUDENT128,1
22,STUDENT128,1
23,STUDENT128,1
24,STUDENT128,1
25,STUDENT128,3
26,STUDENT128,2
27,STUDENT128,2
28,STUDENT128,1
29,STUDENT128,2
30,STUDENT128,2
COURSE ID,STUDENT128,9
GRADE,STUDENT128,1
1,STUDENT129,1
2,STUDENT129,1
3,STUDENT129,2
4,STUDENT129,4
5,STUDENT129,2
6,STUDENT129,1
7,STUDENT129,1
8,STUDENT129,1
9,STUDENT129,4
10,STUDENT129,3
11,STUDENT129,3
12,STUDENT129,4
13,STUDENT129,2
14,STUDENT129,1
15,STUDENT129,4
16,STUDENT129,2
17,STUDENT129,2
18,STUDENT129,1
19,STUDENT129,1
20,STUDENT129,2
21,STUDENT129,1
22,STUDENT129,1
23,STUDENT129,1
24,STUDENT129,1
25,STUDENT129,3
26,STUDENT129,2
27,STUDENT129,2
28,STUDENT129,1
29,STUDENT129,2
30,STUDENT129,2
COURSE ID,STUDENT129,9
GRADE,STUDENT129,0
1,STUDENT130,1
2,STUDENT130,1
3,STUDENT130,2
4,STUDENT130,3
5,STUDENT130,1
6,STUDENT130,1
7,STUDENT130,2
8,STUDENT130,1
9,STUDENT130,1
10,STUDENT130,1
11,STUDENT130,1
12,STUDENT130,1
13,STUDENT130,3
14,STUDENT130,1
15,STUDENT130,2
16,STUDENT130,4
17,STUDENT130,4
18,STUDENT130,2
19,STUDENT130,3
20,STUDENT130,2
21,STUDENT130,1
22,STUDENT130,1
23,STUDENT130,2
24,STUDENT130,2
25,STUDENT130,3
26,STUDENT130,2
27,STUDENT130,3
28,STUDENT130,2
29,STUDENT130,2
30,STUDENT130,3
COURSE ID,STUDENT130,9
GRADE,STUDENT130,3
1,STUDENT131,1
2,STUDENT131,1
3,STUDENT131,2
4,STUDENT131,3
5,STUDENT131,1
6,STUDENT131,1
7,STUDENT131,2
8,STUDENT131,1
9,STUDENT131,1
10,STUDENT131,1
11,STUDENT131,1
12,STUDENT131,2
13,STUDENT131,3
14,STUDENT131,1
15,STUDENT131,2
16,STUDENT131,4
17,STUDENT131,4
18,STUDENT131,2
19,STUDENT131,2
20,STUDENT131,2
21,STUDENT131,1
22,STUDENT131,1
23,STUDENT131,1
24,STUDENT131,2
25,STUDENT131,3
26,STUDENT131,1
27,STUDENT131,3
28,STUDENT131,2
29,STUDENT131,2
30,STUDENT131,3
COURSE ID,STUDENT131,9
GRADE,STUDENT131,1
1,STUDENT132,1
2,STUDENT132,1
3,STUDENT132,1
4,STUDENT132,5
5,STUDENT132,2
6,STUDENT132,1
7,STUDENT132,2
8,STUDENT132,1
9,STUDENT132,2
10,STUDENT132,2
11,STUDENT132,4
12,STUDENT132,3
13,STUDENT132,1
14,STUDENT132,1
15,STUDENT132,3
16,STUDENT132,2
17,STUDENT132,4
18,STUDENT132,1
19,STUDENT132,3
20,STUDENT132,2
21,STUDENT132,1
22,STUDENT132,1
23,STUDENT132,1
24,STUDENT132,2
25,STUDENT132,3
26,STUDENT132,2
27,STUDENT132,3
28,STUDENT132,1
29,STUDENT132,5
30,STUDENT132,3
COURSE ID,STUDENT132,9
GRADE,STUDENT132,4
1,STUDENT133,1
2,STUDENT133,1
3,STUDENT133,1
4,STUDENT133,5
5,STUDENT133,2
6,STUDENT133,1
7,STUDENT133,2
8,STUDENT133,1
9,STUDENT133,1
10,STUDENT133,2
11,STUDENT133,1
12,STUDENT133,2
13,STUDENT133,3
14,STUDENT133,1
15,STUDENT133,2
16,STUDENT133,1
17,STUDENT133,2
18,STUDENT133,2
19,STUDENT133,3
20,STUDENT133,2
21,STUDENT133,1
22,STUDENT133,1
23,STUDENT133,2
24,STUDENT133,1
25,STUDENT133,3
26,STUDENT133,2
27,STUDENT133,3
28,STUDENT133,1
29,STUDENT133,5
30,STUDENT133,4
COURSE ID,STUDENT133,9
GRADE,STUDENT133,3
1,STUDENT134,1
2,STUDENT134,1
3,STUDENT134,2
4,STUDENT134,5
5,STUDENT134,2
6,STUDENT134,2
7,STUDENT134,1
8,STUDENT134,1
9,STUDENT134,1
10,STUDENT134,1
11,STUDENT134,1
12,STUDENT134,1
13,STUDENT134,1
14,STUDENT134,1
15,STUDENT134,2
16,STUDENT134,3
17,STUDENT134,3
18,STUDENT134,1
19,STUDENT134,2
20,STUDENT134,2
21,STUDENT134,1
22,STUDENT134,1
23,STUDENT134,1
24,STUDENT134,1
25,STUDENT134,3
26,STUDENT134,3
27,STUDENT134,3
28,STUDENT134,2
29,STUDENT134,5
30,STUDENT134,3
COURSE ID,STUDENT134,9
GRADE,STUDENT134,3
1,STUDENT135,1
2,STUDENT135,1
3,STUDENT135,2
4,STUDENT135,4
5,STUDENT135,2
6,STUDENT135,1
7,STUDENT135,2
8,STUDENT135,1
9,STUDENT135,2
10,STUDENT135,3
11,STUDENT135,1
12,STUDENT135,1
13,STUDENT135,2
14,STUDENT135,1
15,STUDENT135,4
16,STUDENT135,3
17,STUDENT135,2
18,STUDENT135,2
19,STUDENT135,2
20,STUDENT135,2
21,STUDENT135,1
22,STUDENT135,1
23,STUDENT135,1
24,STUDENT135,1
25,STUDENT135,2
26,STUDENT135,1
27,STUDENT135,2
28,STUDENT135,1
29,STUDENT135,2
30,STUDENT135,3
COURSE ID,STUDENT135,9
GRADE,STUDENT135,1
1,STUDENT136,2
2,STUDENT136,1
3,STUDENT136,2
4,STUDENT136,3
5,STUDENT136,1
6,STUDENT136,1
7,STUDENT136,2
8,STUDENT136,1
9,STUDENT136,4
10,STUDENT136,2
11,STUDENT136,3
12,STUDENT136,3
13,STUDENT136,1
14,STUDENT136,1
15,STUDENT136,2
16,STUDENT136,1
17,STUDENT136,2
18,STUDENT136,3
19,STUDENT136,2
20,STUDENT136,1
21,STUDENT136,3
22,STUDENT136,1
23,STUDENT136,1
24,STUDENT136,1
25,STUDENT136,3
26,STUDENT136,3
27,STUDENT136,2
28,STUDENT136,1
29,STUDENT136,3
30,STUDENT136,2
COURSE ID,STUDENT136,9
GRADE,STUDENT136,2
1,STUDENT137,1
2,STUDENT137,1
3,STUDENT137,2
4,STUDENT137,3
5,STUDENT137,1
6,STUDENT137,1
7,STUDENT137,1
8,STUDENT137,1
9,STUDENT137,2
10,STUDENT137,3
11,STUDENT137,3
12,STUDENT137,3
13,STUDENT137,3
14,STUDENT137,1
15,STUDENT137,3
16,STUDENT137,4
17,STUDENT137,2
18,STUDENT137,2
19,STUDENT137,2
20,STUDENT137,2
21,STUDENT137,1
22,STUDENT137,1
23,STUDENT137,3
24,STUDENT137,1
25,STUDENT137,3
26,STUDENT137,2
27,STUDENT137,2
28,STUDENT137,1
29,STUDENT137,2
30,STUDENT137,2
COURSE ID,STUDENT137,9
GRADE,STUDENT137,0
1,STUDENT138,1
2,STUDENT138,1
3,STUDENT138,1
4,STUDENT138,5
5,STUDENT138,2
6,STUDENT138,1
7,STUDENT138,2
8,STUDENT138,1
9,STUDENT138,1
10,STUDENT138,1
11,STUDENT138,2
12,STUDENT138,2
13,STUDENT138,2
14,STUDENT138,1
15,STUDENT138,2
16,STUDENT138,1
17,STUDENT138,2
18,STUDENT138,2
19,STUDENT138,2
20,STUDENT138,1
21,STUDENT138,1
22,STUDENT138,1
23,STUDENT138,1
24,STUDENT138,1
25,STUDENT138,3
26,STUDENT138,1
27,STUDENT138,3
28,STUDENT138,1
29,STUDENT138,2
30,STUDENT138,4
COURSE ID,STUDENT138,9
GRADE,STUDENT138,2
1,STUDENT139,1
2,STUDENT139,1
3,STUDENT139,2
4,STUDENT139,4
5,STUDENT139,1
6,STUDENT139,1
7,STUDENT139,1
8,STUDENT139,5
9,STUDENT139,2
10,STUDENT139,3
11,STUDENT139,3
12,STUDENT139,1
13,STUDENT139,1
14,STUDENT139,2
15,STUDENT139,4
16,STUDENT139,5
17,STUDENT139,2
18,STUDENT139,2
19,STUDENT139,3
20,STUDENT139,2
21,STUDENT139,3
22,STUDENT139,1
23,STUDENT139,2
24,STUDENT139,1
25,STUDENT139,3
26,STUDENT139,2
27,STUDENT139,3
28,STUDENT139,1
29,STUDENT139,1
30,STUDENT139,3
COURSE ID,STUDENT139,9
GRADE,STUDENT139,0
1,STUDENT140,1
2,STUDENT140,1
3,STUDENT140,2
4,STUDENT140,4
5,STUDENT140,1
6,STUDENT140,2
7,STUDENT140,1
8,STUDENT140,2
9,STUDENT140,2
10,STUDENT140,3
11,STUDENT140,3
12,STUDENT140,3
13,STUDENT140,1
14,STUDENT140,1
15,STUDENT140,5
16,STUDENT140,4
17,STUDENT140,1
18,STUDENT140,1
19,STUDENT140,2
20,STUDENT140,2
21,STUDENT140,1
22,STUDENT140,2
23,STUDENT140,2
24,STUDENT140,1
25,STUDENT140,2
26,STUDENT140,3
27,STUDENT140,2
28,STUDENT140,1
29,STUDENT140,1
30,STUDENT140,2
COURSE ID,STUDENT140,9
GRADE,STUDENT140,0
1,STUDENT141,2
2,STUDENT141,1
3,STUDENT141,2
4,STUDENT141,3
5,STUDENT141,1
6,STUDENT141,1
7,STUDENT141,2
8,STUDENT141,1
9,STUDENT141,1
10,STUDENT141,2
11,STUDENT141,1
12,STUDENT141,2
13,STUDENT141,2
14,STUDENT141,2
15,STUDENT141,2
16,STUDENT141,4
17,STUDENT141,3
18,STUDENT141,3
19,STUDENT141,2
20,STUDENT141,1
21,STUDENT141,1
22,STUDENT141,1
23,STUDENT141,1
24,STUDENT141,1
25,STUDENT141,2
26,STUDENT141,1
27,STUDENT141,2
28,STUDENT141,1
29,STUDENT141,3
30,STUDENT141,3
COURSE ID,STUDENT141,9
GRADE,STUDENT141,5
1,STUDENT142,1
2,STUDENT142,1
3,STUDENT142,2
4,STUDENT142,4
5,STUDENT142,2
6,STUDENT142,2
7,STUDENT142,2
8,STUDENT142,1
9,STUDENT142,4
10,STUDENT142,2
11,STUDENT142,1
12,STUDENT142,1
13,STUDENT142,5
14,STUDENT142,1
15,STUDENT142,2
16,STUDENT142,1
17,STUDENT142,3
18,STUDENT142,2
19,STUDENT142,2
20,STUDENT142,2
21,STUDENT142,1
22,STUDENT142,2
23,STUDENT142,1
24,STUDENT142,1
25,STUDENT142,3
26,STUDENT142,2
27,STUDENT142,2
28,STUDENT142,1
29,STUDENT142,5
30,STUDENT142,3
COURSE ID,STUDENT142,9
GRADE,STUDENT142,5
1,STUDENT143,1
2,STUDENT143,1
3,STUDENT143,1
4,STUDENT143,4
5,STUDENT143,2
6,STUDENT143,2
7,STUDENT143,2
8,STUDENT143,1
9,STUDENT143,1
10,STUDENT143,1
11,STUDENT143,3
12,STUDENT143,4
13,STUDENT143,4
14,STUDENT143,1
15,STUDENT143,2
16,STUDENT143,4
17,STUDENT143,2
18,STUDENT143,2
19,STUDENT143,2
20,STUDENT143,1
21,STUDENT143,1
22,STUDENT143,1
23,STUDENT143,1
24,STUDENT143,1
25,STUDENT143,3
26,STUDENT143,3
27,STUDENT143,2
28,STUDENT143,1
29,STUDENT143,4
30,STUDENT143,3
COURSE ID,STUDENT143,9
GRADE,STUDENT143,1
1,STUDENT144,2
2,STUDENT144,1
3,STUDENT144,2
4,STUDENT144,4
5,STUDENT144,1
6,STUDENT144,1
7,STUDENT144,1
8,STUDENT144,5
9,STUDENT144,2
10,STUDENT144,3
11,STUDENT144,4
12,STUDENT144,4
13,STUDENT144,1
14,STUDENT144,1
15,STUDENT144,3
16,STUDENT144,3
17,STUDENT144,2
18,STUDENT144,2
19,STUDENT144,1
20,STUDENT144,1
21,STUDENT144,1
22,STUDENT144,1
23,STUDENT144,2
24,STUDENT144,1
25,STUDENT144,2
26,STUDENT144,1
27,STUDENT144,2
28,STUDENT144,1
29,STUDENT144,5
30,STUDENT144,3
COURSE ID,STUDENT144,9
GRADE,STUDENT144,4
1,STUDENT145,1
2,STUDENT145,1
3,STUDENT145,1
4,STUDENT145,5
5,STUDENT145,2
6,STUDENT145,2
7,STUDENT145,2
8,STUDENT145,3
9,STUDENT145,1
10,STUDENT145,1
11,STUDENT145,3
12,STUDENT145,1
13,STUDENT145,5
14,STUDENT145,1
15,STUDENT145,2
16,STUDENT145,4
17,STUDENT145,3
18,STUDENT145,1
19,STUDENT145,1
20,STUDENT145,1
21,STUDENT145,1
22,STUDENT145,1
23,STUDENT145,2
24,STUDENT145,1
25,STUDENT145,3
26,STUDENT145,2
27,STUDENT145,3
28,STUDENT145,1
29,STUDENT145,5
30,STUDENT145,4
COURSE ID,STUDENT145,9
GRADE,STUDENT145,3
